family_id,scenario_id,parameter_sample,seed,run,run_id,arm_id,generated_frames,completed_frames,incomplete_frames,late_completed_frames,deadline_misses,deadline_miss_rate,completed_p99_us,censored_mean_us,airtime_link_0_us,airtime_link_1_us,sender_airtime_us,background_bytes_received,actions,completed_actions,action_packets,build_host
obss_intensity,obss-intensity-qualification-p17,17,21037,1,01082d5f563a2ffc43e2,single_5ghz_no_redundancy,1800,940,860,0,860,0.4777777777777778,32461.81,20740.069444444445,0.0,5788091.0,5788091.0,561403200,0,0,0,wifi-exp-f2e354c
radio_propagation,radio-propagation-qualification-p17,17,21005,1,083ee0d5579eb7a76cbe,ideal_systematic_fec_12p5_t2,1800,1544,256,0,256,0.14222222222222222,31358.119999999988,12934.620555555555,962491.0,9206420.0,10168911.0,200652000,1800,1800,3690,wifi-exp-f2e354c
radio_propagation,radio-propagation-qualification-p17,17,21005,1,0c5eb2e05091f457a988,full_copy_t0,1800,1799,1,0,1,0.0005555555555555556,14781.13999999999,3161.123888888889,4327622.0,9206420.0,13534042.0,200641200,1800,1798,18900,wifi-exp-f2e354c
radio_propagation,radio-propagation-qualification-p17,17,21008,1,0f9a4aca1106bf989450,full_copy_t0,1800,1782,18,0,18,0.01,22740.67000000001,5023.397777777778,6000026.0,11363669.0,17363695.0,197488800,1800,1723,18900,wifi-exp-17-30
obss_intensity,obss-intensity-qualification-p17,17,21040,1,1002ecde55e05ada087d,oracle_eventual_missing_repair_t2,1800,1378,422,0,422,0.23444444444444446,31942.29,15085.486666666666,2034469.0,6468241.0,8502710.0,470013600,612,190,6105,wifi-exp-17-30
radio_propagation,radio-propagation-qualification-p17,17,21006,1,12dae7d0bf8c55d51e58,oracle_eventual_missing_repair_t2,1800,1754,46,0,46,0.025555555555555557,33003.380000000005,12954.209444444445,2710982.0,18194054.0,20905036.0,203221200,767,722,7550,wifi-exp-17-30
radio_propagation,radio-propagation-qualification-p17,17,21007,1,13c3c30dfff9cc285155,oracle_eventual_missing_repair_t2,1800,1670,130,0,130,0.07222222222222222,32864.399999999994,13767.622222222222,3443384.0,13917080.0,17360464.0,196370400,681,552,6594,wifi-exp-f2e354c
obss_intensity,obss-intensity-qualification-p19,19,21048,1,13d83c2da1a42e6ce33b,full_copy_t0,1800,1732,68,0,68,0.03777777777777778,29746.430000000004,6222.568888888889,5140072.0,5372494.0,10512566.0,388182600,1800,1493,18900,wifi-exp-17-30
obss_intensity,obss-intensity-qualification-p19,19,21046,1,1740893cf300795a037a,full_copy_t2,1800,939,861,0,861,0.47833333333333333,32570.24,22024.805,9598407.0,8280809.0,17879216.0,395931600,1800,534,18900,wifi-exp-17-30
legacy_coexistence,legacy-coexistence-qualification-p17,17,21136,1,19f4975b10d6381d50ff,single_5ghz_no_redundancy,1800,769,1031,0,1031,0.5727777777777778,32890.72,24363.18611111111,0.0,6864302.0,6864302.0,207981600,0,0,0,wifi-exp-17-30
radio_propagation,radio-propagation-qualification-p17,17,21008,1,1c3c747d8c58f6555127,full_copy_t2,1800,1785,15,0,15,0.008333333333333333,23641.120000000043,6352.1483333333335,5944548.0,11363669.0,17308217.0,197482800,1800,1737,18900,wifi-exp-17-30
radio_propagation,radio-propagation-qualification-p17,17,21006,1,20a6f11d03d5e66b2272,full_copy_t2,1800,1758,42,0,42,0.023333333333333334,28554.050000000014,8409.671666666667,6653762.0,18194054.0,24847816.0,203214000,1800,1711,18900,wifi-exp-17-30
obss_intensity,obss-intensity-qualification-p17,17,21039,1,2312a223ae26d5efe56f,str_mlo_nmaxinflights_1,1800,465,1335,0,1335,0.7416666666666667,32382.520000000004,27993.44,1402984.0,4005586.0,5408570.0,530252400,0,0,0,wifi-exp-f2e354c
legacy_coexistence,legacy-coexistence-qualification-p17,17,21133,1,25057ac3a9a905aef480,full_copy_t0,1800,1512,288,0,288,0.16,31631.620000000006,11691.836666666666,5634181.0,7308528.0,12942709.0,202191600,1800,1387,18900,wifi-exp-f2e354c
obss_intensity,obss-intensity-qualification-p19,19,21045,1,25255dc6af2d96ba02f1,ideal_systematic_fec_12p5_t2,1800,1260,540,0,540,0.3,32155.05,15790.95388888889,2495014.0,6204589.0,8699603.0,395110800,1800,1115,3690,wifi-exp-f2e354c
obss_intensity,obss-intensity-qualification-p17,17,21037,1,27c8d01bdc43a918e459,str_mlo_nmaxinflights_1,1800,852,948,0,948,0.5266666666666666,32202.45,21824.81611111111,1654756.0,4280124.0,5934880.0,548974800,0,0,0,wifi-exp-f2e354c
obss_intensity,obss-intensity-qualification-p19,19,21047,1,285088daaa829204b8ec,ideal_systematic_fec_12p5_t2,1800,1073,727,0,727,0.4038888888888889,31217.88,18802.779444444444,995210.0,5749520.0,6744730.0,392638200,1800,1680,3690,wifi-exp-f2e354c
legacy_coexistence,legacy-coexistence-qualification-p17,17,21136,1,299475f7312cfbd6b8c4,ideal_systematic_fec_12p5_t2,1800,782,1018,0,1018,0.5655555555555556,32894.719999999994,24170.27666666667,2155325.0,6864302.0,9019627.0,207998400,1800,1186,3690,wifi-exp-17-30
legacy_coexistence,legacy-coexistence-qualification-p17,17,21134,1,2a1de5ce5a7db10bda27,oracle_eventual_missing_repair_t2,1800,1711,89,0,89,0.049444444444444444,32462.800000000007,10492.996666666666,1262658.0,5281038.0,6543696.0,199441200,403,315,3931,wifi-exp-17-30
radio_propagation,radio-propagation-qualification-p17,17,21008,1,2ed55f096586dabc7981,oracle_eventual_missing_repair_t2,1800,1785,15,0,15,0.008333333333333333,32244.08000000001,11379.642222222223,964914.0,11363669.0,12328583.0,197479200,319,305,3028,wifi-exp-17-30
obss_intensity,obss-intensity-qualification-p17,17,21039,1,3263e5c5b0001743c2c5,oracle_eventual_missing_repair_t2,1800,662,1138,0,1138,0.6322222222222222,32258.35,25699.633333333335,4569130.0,4975255.0,9544385.0,526561200,1170,32,11965,wifi-exp-f2e354c
legacy_coexistence,legacy-coexistence-qualification-p17,17,21133,1,34c951ac172ec2910ad1,ideal_systematic_fec_12p5_t2,1800,595,1205,0,1205,0.6694444444444444,32914.939999999995,26312.435555555556,1404672.0,7308528.0,8713200.0,202207200,1800,1531,3690,wifi-exp-f2e354c
compound_shift,compound-shift-qualification-p19,19,21174,1,355841dc8377302f9c26,full_copy_t2,1800,1723,77,0,77,0.042777777777777776,29658.84,8073.167777777778,5914865.0,6606256.0,12521121.0,171229200,1800,1547,20340,wifi-exp-17-30
obss_intensity,obss-intensity-qualification-p19,19,21045,1,37d88e7dfa1ec4af43a3,str_mlo_nmaxinflights_1,1800,1249,551,0,551,0.3061111111111111,31061.92,15448.772777777778,1857337.0,4180576.0,6037913.0,395554800,0,0,0,wifi-exp-f2e354c
obss_intensity,obss-intensity-qualification-p19,19,21047,1,3e2b2f1e4be9a3371a66,full_copy_t0,1800,1733,67,0,67,0.03722222222222222,25393.440000000013,5332.178888888889,4298357.0,5749520.0,10047877.0,392353800,1800,1649,18900,wifi-exp-f2e354c
obss_intensity,obss-intensity-qualification-p17,17,21040,1,3ebc556408ba9dbf6fdc,full_copy_t2,1800,1312,488,0,488,0.27111111111111114,30735.02,15265.755555555555,5898564.0,6468241.0,12366805.0,468801600,1800,426,18900,wifi-exp-17-30
obss_intensity,obss-intensity-qualification-p17,17,21038,1,44efb9d82164d36064b7,str_mlo_nmaxinflights_1,1800,430,1370,0,1370,0.7611111111111111,32747.97999999999,28240.653333333332,2519330.0,5226601.0,7745931.0,566664000,0,0,0,wifi-exp-17-30
obss_intensity,obss-intensity-qualification-p19,19,21046,1,453451c6a00a92f2f1a0,ideal_systematic_fec_12p5_t2,1800,605,1195,0,1195,0.6638888888888889,32084.800000000003,25849.031666666666,3601813.0,8280809.0,11882622.0,396069600,1800,664,3690,wifi-exp-17-30
radio_propagation,radio-propagation-qualification-p17,17,21006,1,455b9a663e159c1cc43c,single_5ghz_no_redundancy,1800,1033,767,0,767,0.4261111111111111,32422.719999999998,21378.98222222222,0.0,18194054.0,18194054.0,203224800,0,0,0,wifi-exp-17-30
radio_propagation,radio-propagation-qualification-p17,17,21005,1,47523028b03a26db3e07,oracle_eventual_missing_repair_t2,1800,1793,7,0,7,0.0038888888888888888,31816.0,9947.541666666666,581294.0,9206420.0,9787714.0,200654400,264,258,2577,wifi-exp-f2e354c
obss_intensity,obss-intensity-qualification-p17,17,21038,1,483ecb02cb9ff000d68f,full_copy_t0,1800,436,1364,0,1364,0.7577777777777778,32458.199999999997,28386.227777777778,7263590.0,6926272.0,14189862.0,561327600,1800,88,18900,wifi-exp-17-30
radio_propagation,radio-propagation-qualification-p17,17,21007,1,497a2b24c3b28c0f6c51,ideal_systematic_fec_12p5_t2,1800,1137,663,0,663,0.36833333333333335,32766.360000000004,19549.966666666667,2535946.0,13917080.0,16453026.0,196345200,1800,1597,3690,wifi-exp-f2e354c
compound_shift,compound-shift-qualification-p19,19,21174,1,4a74b0077f4356266765,ideal_systematic_fec_12p5_t2,1800,1341,459,0,459,0.255,31979.599999999988,15495.816111111111,1367090.0,6606256.0,7973346.0,171219600,1800,1667,3660,wifi-exp-17-30
obss_intensity,obss-intensity-qualification-p19,19,21048,1,51016ab269ac17427848,single_5ghz_no_redundancy,1800,1382,418,0,418,0.23222222222222222,31368.260000000002,14033.770555555555,0.0,5372494.0,5372494.0,388594200,0,0,0,wifi-exp-17-30
obss_intensity,obss-intensity-qualification-p19,19,21047,1,5340f5b623c7d8a48c91,full_copy_t2,1800,1731,69,0,69,0.03833333333333333,26160.900000000016,6746.439444444444,4276534.0,5749520.0,10026054.0,392337000,1800,1635,18900,wifi-exp-f2e354c
obss_intensity,obss-intensity-qualification-p17,17,21039,1,569a03bc458c0d7491a0,full_copy_t2,1800,648,1152,0,1152,0.64,32281.449999999997,25836.221666666668,6193018.0,4975255.0,11168273.0,523593600,1800,26,18900,wifi-exp-f2e354c
obss_intensity,obss-intensity-qualification-p17,17,21037,1,5a4fa7d49cc1071bec6c,ideal_systematic_fec_12p5_t2,1800,941,859,0,859,0.4772222222222222,32422.800000000003,20706.093333333334,1754797.0,5788091.0,7542888.0,559038000,1800,293,3690,wifi-exp-f2e354c
legacy_coexistence,legacy-coexistence-qualification-p17,17,21136,1,5d4a7fb92c2600f6d99a,full_copy_t0,1800,1201,599,0,599,0.3327777777777778,32293.0,18091.908888888887,7750902.0,6864302.0,14615204.0,207880800,1800,770,18900,wifi-exp-17-30
legacy_coexistence,legacy-coexistence-qualification-p17,17,21133,1,5eb3c1f4b8611422b0ef,single_5ghz_no_redundancy,1800,576,1224,0,1224,0.68,32705.5,26549.389444444445,0.0,7308528.0,7308528.0,202177200,0,0,0,wifi-exp-f2e354c
compound_shift,compound-shift-qualification-p19,19,21174,1,5efb04043132b9081d00,full_copy_t0,1800,1719,81,0,81,0.045,28782.839999999997,7227.028888888889,6350451.0,6606256.0,12956707.0,171200400,1800,1527,20340,wifi-exp-17-30
obss_intensity,obss-intensity-qualification-p19,19,21048,1,60f97a66adc8ed71b206,str_mlo_nmaxinflights_1,1800,1555,245,0,245,0.1361111111111111,30697.74,9918.570555555556,1495758.0,3175088.0,4670846.0,388939800,0,0,0,wifi-exp-17-30
obss_intensity,obss-intensity-qualification-p17,17,21038,1,616ded8cc837fb679630,oracle_eventual_missing_repair_t2,1800,508,1292,0,1292,0.7177777777777777,32519.86,27793.675555555557,6126620.0,6926272.0,13052892.0,562275600,1433,141,14863,wifi-exp-17-30
radio_propagation,radio-propagation-qualification-p17,17,21008,1,6381459a40b6724b500b,ideal_systematic_fec_12p5_t2,1800,1490,310,0,310,0.17222222222222222,31891.22,14527.71611111111,1348604.0,11363669.0,12712273.0,197488800,1800,1767,3690,wifi-exp-17-30
obss_intensity,obss-intensity-qualification-p17,17,21038,1,64f2510133ba2a731e82,ideal_systematic_fec_12p5_t2,1800,370,1430,0,1430,0.7944444444444444,32431.85,29163.30222222222,2670604.0,6926272.0,9596876.0,564318000,1800,362,3690,wifi-exp-17-30
compound_shift,compound-shift-qualification-p19,19,21176,1,656950349378a58ef23b,str_mlo_nmaxinflights_1,1800,1696,104,0,104,0.057777777777777775,26493.79999999997,6422.99,2554624.0,2143114.0,4697738.0,168229200,0,0,0,wifi-exp-17-30
obss_intensity,obss-intensity-qualification-p17,17,21039,1,65cb20081ec03e71b153,ideal_systematic_fec_12p5_t2,1800,632,1168,0,1168,0.6488888888888888,32307.84999999999,25976.835555555557,2535063.0,4975255.0,7510318.0,528232800,1800,129,3690,wifi-exp-f2e354c
compound_shift,compound-shift-qualification-p19,19,21175,1,66a5e13311c57d8e2750,str_mlo_nmaxinflights_1,1800,1664,136,0,136,0.07555555555555556,28336.53999999997,7089.967777777778,2506508.0,2345312.0,4851820.0,167535600,0,0,0,wifi-exp-f2e354c
radio_propagation,radio-propagation-qualification-p17,17,21006,1,6bfc3ea68e8f8e382da3,str_mlo_nmaxinflights_1,1800,1254,546,0,546,0.30333333333333334,32202.35,17871.673333333332,2074872.0,10663848.0,12738720.0,203253600,0,0,0,wifi-exp-17-30
obss_intensity,obss-intensity-qualification-p19,19,21048,1,6d2cd50b759b22e0c059,ideal_systematic_fec_12p5_t2,1800,1388,412,0,412,0.2288888888888889,31814.51999999999,13854.919444444444,1299298.0,5372494.0,6671792.0,388465800,1800,1574,3690,wifi-exp-17-30
compound_shift,compound-shift-qualification-p19,19,21176,1,6e2b80009b334cbfd96c,full_copy_t2,1800,1779,21,0,21,0.011666666666666667,24038.22,5380.970555555556,4469152.0,6068633.0,10537785.0,168153600,1800,1702,20340,wifi-exp-17-30
compound_shift,compound-shift-qualification-p19,19,21173,1,7062cee2d865215b429b,full_copy_t2,1800,1756,44,0,44,0.024444444444444446,26550.25000000001,6446.224444444444,4527164.0,7049261.0,11576425.0,175525200,1800,1694,20340,wifi-exp-f2e354c
compound_shift,compound-shift-qualification-p19,19,21176,1,719796daad8d029d22d4,ideal_systematic_fec_12p5_t2,1800,1385,415,0,415,0.23055555555555557,32156.96,14174.760555555555,908831.0,6068633.0,6977464.0,168150000,1800,1758,3660,wifi-exp-17-30
legacy_coexistence,legacy-coexistence-qualification-p17,17,21135,1,721489ba93438d850f76,single_5ghz_no_redundancy,1800,845,955,0,955,0.5305555555555556,32631.999999999993,22719.335555555557,0.0,6903019.0,6903019.0,196089600,0,0,0,wifi-exp-f2e354c
compound_shift,compound-shift-qualification-p19,19,21174,1,750ce535c39c8e1daa65,single_5ghz_no_redundancy,1800,1332,468,0,468,0.26,32026.090000000007,15802.798888888889,0.0,6606256.0,6606256.0,171219600,0,0,0,wifi-exp-17-30
legacy_coexistence,legacy-coexistence-qualification-p17,17,21135,1,7ca5d4c79920099495c9,full_copy_t0,1800,1506,294,0,294,0.16333333333333333,30444.35000000001,11658.429444444444,6195138.0,6903019.0,13098157.0,196036800,1800,1223,18900,wifi-exp-f2e354c
obss_intensity,obss-intensity-qualification-p17,17,21039,1,8092bb7d796f712a6558,single_5ghz_no_redundancy,1800,630,1170,0,1170,0.65,32311.150000000005,25999.036666666667,0.0,4975255.0,4975255.0,529443600,0,0,0,wifi-exp-f2e354c
obss_intensity,obss-intensity-qualification-p19,19,21046,1,80c7ba5214e2b4594100,full_copy_t0,1800,925,875,0,875,0.4861111111111111,32738.079999999998,21771.75611111111,9717048.0,8280809.0,17997857.0,395884800,1800,530,18900,wifi-exp-17-30
obss_intensity,obss-intensity-qualification-p19,19,21047,1,832dcea7e26a0a4c4ad4,oracle_eventual_missing_repair_t2,1800,1747,53,0,53,0.029444444444444443,31468.399999999994,9445.461111111112,1736372.0,5749520.0,7485892.0,392797200,733,680,7551,wifi-exp-f2e354c
obss_intensity,obss-intensity-qualification-p19,19,21045,1,843e71fca6d91af6fcd8,full_copy_t2,1800,1511,289,0,289,0.16055555555555556,31760.700000000008,11955.947777777777,8026842.0,6204589.0,14231431.0,394960200,1800,868,18900,wifi-exp-f2e354c
obss_intensity,obss-intensity-qualification-p17,17,21037,1,87c1dac62beae4d5d672,oracle_eventual_missing_repair_t2,1800,1049,751,0,751,0.4172222222222222,32608.44,19630.422777777778,3246448.0,5788091.0,9034539.0,559027200,860,109,8848,wifi-exp-f2e354c
legacy_coexistence,legacy-coexistence-qualification-p17,17,21136,1,89b0d5b64fd5426279a7,oracle_eventual_missing_repair_t2,1800,1252,548,0,548,0.30444444444444446,32957.18,19102.75277777778,4700939.0,6864302.0,11565241.0,207950400,1031,483,10517,wifi-exp-17-30
legacy_coexistence,legacy-coexistence-qualification-p17,17,21134,1,8ad985887a8d6a391a69,ideal_systematic_fec_12p5_t2,1800,1415,385,0,385,0.21388888888888888,32205.91999999999,14120.548333333334,1472020.0,5281038.0,6753058.0,199390800,1800,1479,3690,wifi-exp-17-30
radio_propagation,radio-propagation-qualification-p17,17,21008,1,8c592b4f180b5685fe86,single_5ghz_no_redundancy,1800,1481,319,0,319,0.17722222222222223,31978.4,15026.593333333334,0.0,11363669.0,11363669.0,197488800,0,0,0,wifi-exp-17-30
obss_intensity,obss-intensity-qualification-p17,17,21039,1,8d87b67d3dbbce0ee262,full_copy_t0,1800,652,1148,0,1148,0.6377777777777778,32274.850000000002,25800.444444444445,5515310.0,4975255.0,10490565.0,525766800,1800,31,18900,wifi-exp-f2e354c
legacy_coexistence,legacy-coexistence-qualification-p17,17,21134,1,8dca2d0a4c58dadb3908,single_5ghz_no_redundancy,1800,1397,403,0,403,0.2238888888888889,32185.72,14401.309444444445,0.0,5281038.0,5281038.0,199474800,0,0,0,wifi-exp-17-30
compound_shift,compound-shift-qualification-p19,19,21173,1,904e8c1175beea4117fd,single_5ghz_no_redundancy,1800,1190,610,0,610,0.3388888888888889,32080.419999999987,17853.050555555557,0.0,7049261.0,7049261.0,175544400,0,0,0,wifi-exp-f2e354c
legacy_coexistence,legacy-coexistence-qualification-p17,17,21135,1,970411cfe6615f6df875,full_copy_t2,1800,1483,317,0,317,0.1761111111111111,31770.640000000025,12881.641666666666,6233270.0,6903019.0,13136289.0,196058400,1800,1152,18900,wifi-exp-f2e354c
radio_propagation,radio-propagation-qualification-p17,17,21006,1,97cbe73b9fe6fdc4bcaa,ideal_systematic_fec_12p5_t2,1800,1048,752,0,752,0.4177777777777778,32591.829999999998,20951.73,1520206.0,18194054.0,19714260.0,203221200,1800,1769,3690,wifi-exp-17-30
radio_propagation,radio-propagation-qualification-p17,17,21005,1,97dc434f9ebd0f1927e3,single_5ghz_no_redundancy,1800,1536,264,0,264,0.14666666666666667,31405.100000000006,13381.003333333334,0.0,9206420.0,9206420.0,200652000,0,0,0,wifi-exp-f2e354c
obss_intensity,obss-intensity-qualification-p19,19,21045,1,99babbcbf27cf66540fc,oracle_eventual_missing_repair_t2,1800,1546,254,0,254,0.1411111111111111,32488.55,12707.500555555556,2405537.0,6204589.0,8610126.0,395097000,543,289,5484,wifi-exp-f2e354c
legacy_coexistence,legacy-coexistence-qualification-p17,17,21133,1,a0c5ba84a825906c376e,full_copy_t2,1800,1485,315,0,315,0.175,30500.240000000027,12988.141111111112,5615819.0,7308528.0,12924347.0,202161600,1800,1352,18900,wifi-exp-f2e354c
obss_intensity,obss-intensity-qualification-p19,19,21045,1,a3a116f91ff32a2c6f30,full_copy_t0,1800,1531,269,0,269,0.14944444444444444,31932.600000000002,11324.507222222222,7770007.0,6204589.0,13974596.0,394749600,1800,884,18900,wifi-exp-f2e354c
obss_intensity,obss-intensity-qualification-p17,17,21038,1,a4f8f0992bdf667a45f0,single_5ghz_no_redundancy,1800,367,1433,0,1433,0.7961111111111111,32465.94,29186.171666666665,0.0,6926272.0,6926272.0,564687600,0,0,0,wifi-exp-17-30
compound_shift,compound-shift-qualification-p19,19,21176,1,a9cdc283c9b21ebbf781,full_copy_t0,1800,1777,23,0,23,0.012777777777777779,21960.84,3903.125,4268852.0,6068633.0,10337485.0,168188400,1800,1727,20340,wifi-exp-17-30
obss_intensity,obss-intensity-qualification-p17,17,21040,1,aa77ac8fdc446cff675f,single_5ghz_no_redundancy,1800,1188,612,0,612,0.34,31509.159999999985,17035.290555555555,0.0,6468241.0,6468241.0,473160000,0,0,0,wifi-exp-17-30
obss_intensity,obss-intensity-qualification-p19,19,21046,1,b0cca6688a84f4eed8f1,single_5ghz_no_redundancy,1800,604,1196,0,1196,0.6644444444444444,32098.820000000003,25860.29611111111,0.0,8280809.0,8280809.0,396030000,0,0,0,wifi-exp-17-30
legacy_coexistence,legacy-coexistence-qualification-p17,17,21133,1,b2078182eabf7488d57f,oracle_eventual_missing_repair_t2,1800,1508,292,0,292,0.1622222222222222,32513.600000000002,14327.287222222221,3820694.0,7308528.0,11129222.0,202179600,1224,933,12507,wifi-exp-f2e354c
obss_intensity,obss-intensity-qualification-p17,17,21040,1,b369405eead6ee8029f6,str_mlo_nmaxinflights_1,1800,262,1538,0,1538,0.8544444444444445,32655.159999999996,30276.070555555554,2832914.0,2325075.0,5157989.0,532854000,0,0,0,wifi-exp-17-30
legacy_coexistence,legacy-coexistence-qualification-p17,17,21135,1,b7fa1c4fa1fae5fca360,str_mlo_nmaxinflights_1,1800,1307,493,0,493,0.2738888888888889,31470.400000000005,14788.86611111111,3281659.0,2834432.0,6116091.0,196436400,0,0,0,wifi-exp-f2e354c
obss_intensity,obss-intensity-qualification-p19,19,21045,1,bdda6e0d6cfd01f2e64d,single_5ghz_no_redundancy,1800,1257,543,0,543,0.3016666666666667,32216.600000000002,15897.722777777777,0.0,6204589.0,6204589.0,395250000,0,0,0,wifi-exp-f2e354c
legacy_coexistence,legacy-coexistence-qualification-p17,17,21136,1,c069f9453eb7c1faa5a2,str_mlo_nmaxinflights_1,1800,952,848,0,848,0.4711111111111111,32145.350000000002,20484.50888888889,4263720.0,3227701.0,7491421.0,208386000,0,0,0,wifi-exp-17-30
legacy_coexistence,legacy-coexistence-qualification-p17,17,21134,1,c211e6b81cd71553211b,full_copy_t0,1800,1670,130,0,130,0.07222222222222222,28865.609999999997,8101.063888888889,6022052.0,5281038.0,11303090.0,199426800,1800,1252,18900,wifi-exp-17-30
radio_propagation,radio-propagation-qualification-p17,17,21007,1,c54ead6d747f05812595,single_5ghz_no_redundancy,1800,1119,681,0,681,0.37833333333333335,32753.979999999996,19954.135,0.0,13917080.0,13917080.0,196364400,0,0,0,wifi-exp-f2e354c
radio_propagation,radio-propagation-qualification-p17,17,21007,1,c6d30af6a238f8bb9892,full_copy_t2,1800,1648,152,0,152,0.08444444444444445,30046.879999999997,10872.191111111111,9824343.0,13917080.0,23741423.0,196358400,1800,1404,18900,wifi-exp-f2e354c
legacy_coexistence,legacy-coexistence-qualification-p17,17,21135,1,ca16b8503a3ae351437e,oracle_eventual_missing_repair_t2,1800,1543,257,0,257,0.14277777777777778,32709.14,13907.62388888889,3164901.0,6903019.0,10067920.0,196022400,955,697,9777,wifi-exp-f2e354c
radio_propagation,radio-propagation-qualification-p17,17,21007,1,cfe15cf9f2c5bc93dba5,str_mlo_nmaxinflights_1,1800,1297,503,0,503,0.27944444444444444,32590.519999999997,16984.044444444444,3030900.0,8404358.0,11435258.0,196369200,0,0,0,wifi-exp-f2e354c
radio_propagation,radio-propagation-qualification-p17,17,21008,1,d02ab6d2399ee81d074d,str_mlo_nmaxinflights_1,1800,1609,191,0,191,0.10611111111111111,31492.840000000004,11282.343888888889,1947768.0,6690548.0,8638316.0,197485200,0,0,0,wifi-exp-17-30
radio_propagation,radio-propagation-qualification-p17,17,21006,1,d1c50c857d4c52df9953,full_copy_t0,1800,1760,40,0,40,0.022222222222222223,28241.600000000028,6986.533888888889,6682912.0,18194054.0,24876966.0,203215200,1800,1704,18900,wifi-exp-17-30
obss_intensity,obss-intensity-qualification-p17,17,21040,1,d2109e671d08399157f6,ideal_systematic_fec_12p5_t2,1800,1195,605,0,605,0.33611111111111114,31435.399999999994,16915.946666666667,1628650.0,6468241.0,8096891.0,471182400,1800,786,3690,wifi-exp-17-30
obss_intensity,obss-intensity-qualification-p19,19,21046,1,d2dc10a4ab60b4dd8010,str_mlo_nmaxinflights_1,1800,716,1084,0,1084,0.6022222222222222,32040.8,24395.76,2828887.0,5360119.0,8189006.0,396210600,0,0,0,wifi-exp-17-30
legacy_coexistence,legacy-coexistence-qualification-p17,17,21134,1,d37666a9980c5ca6c75a,str_mlo_nmaxinflights_1,1800,1484,316,0,316,0.17555555555555555,30320.890000000007,11532.193333333333,2952819.0,2385141.0,5337960.0,199928400,0,0,0,wifi-exp-17-30
legacy_coexistence,legacy-coexistence-qualification-p17,17,21135,1,d87259d4d53f6cadf5e0,ideal_systematic_fec_12p5_t2,1800,854,946,0,946,0.5255555555555556,32624.840000000004,22551.702777777777,1464785.0,6903019.0,8367804.0,196140000,1800,1461,3690,wifi-exp-f2e354c
compound_shift,compound-shift-qualification-p19,19,21173,1,d9427b930f0b83b70bdd,full_copy_t0,1800,1763,37,0,37,0.020555555555555556,25790.47999999998,5196.357222222222,4653427.0,7049261.0,11702688.0,175512000,1800,1696,20340,wifi-exp-f2e354c
legacy_coexistence,legacy-coexistence-qualification-p17,17,21134,1,d9e0f5ba7d721365e672,full_copy_t2,1800,1683,117,0,117,0.065,30064.40000000001,8653.932222222222,5825234.0,5281038.0,11106272.0,199460400,1800,1280,18900,wifi-exp-17-30
obss_intensity,obss-intensity-qualification-p19,19,21048,1,db204603d3880fb1409d,oracle_eventual_missing_repair_t2,1800,1736,64,0,64,0.035555555555555556,32270.75000000001,9473.576666666666,1239385.0,5372494.0,6611879.0,388591200,418,354,4193,wifi-exp-17-30
legacy_coexistence,legacy-coexistence-qualification-p17,17,21133,1,dc81935090dc242af15e,str_mlo_nmaxinflights_1,1800,1280,520,0,520,0.28888888888888886,31762.880000000005,15052.855,3748890.0,2359162.0,6108052.0,202312800,0,0,0,wifi-exp-f2e354c
compound_shift,compound-shift-qualification-p19,19,21175,1,dc983cd9e42331d63b1b,oracle_eventual_missing_repair_t2,1800,1789,11,0,11,0.006111111111111111,32081.44,9240.521666666667,1451871.0,7048685.0,8500556.0,167512800,663,652,7259,wifi-exp-f2e354c
compound_shift,compound-shift-qualification-p19,19,21173,1,dd355cc1df28cba780e9,oracle_eventual_missing_repair_t2,1800,1763,37,0,37,0.020555555555555556,32497.76,9895.760555555555,1475788.0,7049261.0,8525049.0,175533600,610,573,6595,wifi-exp-f2e354c
obss_intensity,obss-intensity-qualification-p17,17,21037,1,de89093dbce44b4cb96d,full_copy_t2,1800,979,821,0,821,0.45611111111111113,32461.420000000002,20292.832777777778,5957178.0,5788091.0,11745269.0,559615200,1800,87,18900,wifi-exp-f2e354c
compound_shift,compound-shift-qualification-p19,19,21174,1,dfd79d5baeadee858986,str_mlo_nmaxinflights_1,1800,1603,197,0,197,0.10944444444444444,30242.780000000002,9763.737777777778,3517458.0,2347904.0,5865362.0,171324000,0,0,0,wifi-exp-17-30
obss_intensity,obss-intensity-qualification-p17,17,21040,1,e30592005d488a277357,full_copy_t0,1800,1310,490,0,490,0.2722222222222222,31431.51000000002,15260.44,5774921.0,6468241.0,12243162.0,466988400,1800,414,18900,wifi-exp-17-30
compound_shift,compound-shift-qualification-p19,19,21173,1,e31f762a877481035a12,str_mlo_nmaxinflights_1,1800,1593,207,0,207,0.115,30254.15999999998,9105.519444444444,2628031.0,2641821.0,5269852.0,175586400,0,0,0,wifi-exp-f2e354c
obss_intensity,obss-intensity-qualification-p17,17,21038,1,e9ce7efcb977e9d08963,full_copy_t2,1800,473,1327,0,1327,0.7372222222222222,32159.12,28024.635555555556,7218482.0,6926272.0,14144754.0,559219200,1800,132,18900,wifi-exp-17-30
compound_shift,compound-shift-qualification-p19,19,21175,1,ea74058b04e22b871bdd,ideal_systematic_fec_12p5_t2,1800,1140,660,0,660,0.36666666666666664,32052.469999999998,18445.886666666665,869231.0,7048685.0,7917916.0,167520000,1800,1783,3660,wifi-exp-f2e354c
compound_shift,compound-shift-qualification-p19,19,21176,1,eee12f31b8740e7e3493,single_5ghz_no_redundancy,1800,1373,427,0,427,0.23722222222222222,32184.64,14456.452777777778,0.0,6068633.0,6068633.0,168176400,0,0,0,wifi-exp-17-30
obss_intensity,obss-intensity-qualification-p19,19,21047,1,ef7c57ddeb5a2a6cfea0,str_mlo_nmaxinflights_1,1800,1617,183,0,183,0.10166666666666667,28631.439999999962,8070.475555555556,1412187.0,2997884.0,4410071.0,385981200,0,0,0,wifi-exp-f2e354c
obss_intensity,obss-intensity-qualification-p19,19,21048,1,efb83fb7bd56280e0698,full_copy_t2,1800,1720,80,0,80,0.044444444444444446,27907.579999999987,7172.185555555556,5140690.0,5372494.0,10513184.0,388173600,1800,1465,18900,wifi-exp-17-30
compound_shift,compound-shift-qualification-p19,19,21173,1,f05675ad202342dff1dc,ideal_systematic_fec_12p5_t2,1800,1195,605,0,605,0.33611111111111114,32332.419999999995,17674.07888888889,978398.0,7049261.0,8027659.0,175536000,1800,1736,3660,wifi-exp-f2e354c
compound_shift,compound-shift-qualification-p19,19,21175,1,f0bd4fc7300ef47dcbe2,full_copy_t2,1800,1779,21,0,21,0.011666666666666667,23295.40000000002,5562.415555555555,4107412.0,7048685.0,11156097.0,167509200,1800,1756,20340,wifi-exp-f2e354c
compound_shift,compound-shift-qualification-p19,19,21175,1,f625b367dfb8b349415c,full_copy_t0,1800,1786,14,0,14,0.0077777777777777776,23548.300000000017,3930.1433333333334,4126337.0,7048685.0,11175022.0,167520000,1800,1766,20340,wifi-exp-f2e354c
radio_propagation,radio-propagation-qualification-p17,17,21005,1,f690b81c92bdbb18f3e0,str_mlo_nmaxinflights_1,1800,1683,117,0,117,0.065,29779.56000000001,8981.504444444445,1537168.0,5535844.0,7073012.0,200689200,0,0,0,wifi-exp-f2e354c
radio_propagation,radio-propagation-qualification-p17,17,21007,1,f6d5ec87a10b42c95c8f,full_copy_t0,1800,1648,152,0,152,0.08444444444444445,29547.979999999992,9964.056666666667,9743002.0,13917080.0,23660082.0,196339200,1800,1421,18900,wifi-exp-f2e354c
legacy_coexistence,legacy-coexistence-qualification-p17,17,21136,1,f8bd7dac09cdae744f57,full_copy_t2,1800,1178,622,0,622,0.34555555555555556,32395.120000000003,18691.88111111111,7966416.0,6864302.0,14830718.0,207969600,1800,718,18900,wifi-exp-17-30
obss_intensity,obss-intensity-qualification-p19,19,21047,1,f99098b4099146c46cf0,single_5ghz_no_redundancy,1800,1067,733,0,733,0.4072222222222222,31291.38,18969.014444444445,0.0,5749520.0,5749520.0,392796600,0,0,0,wifi-exp-f2e354c
obss_intensity,obss-intensity-qualification-p19,19,21046,1,f9b66d1829df0a9f1b3e,oracle_eventual_missing_repair_t2,1800,954,846,0,846,0.47,32615.28,22331.273333333334,6448289.0,8280809.0,14729098.0,395856600,1196,349,12316,wifi-exp-17-30
compound_shift,compound-shift-qualification-p19,19,21175,1,fa58653d01fb638be19d,single_5ghz_no_redundancy,1800,1137,663,0,663,0.36833333333333335,32112.920000000002,18668.36,0.0,7048685.0,7048685.0,167520000,0,0,0,wifi-exp-f2e354c
compound_shift,compound-shift-qualification-p19,19,21176,1,fd0cb805791df573df4c,oracle_eventual_missing_repair_t2,1800,1786,14,0,14,0.0077777777777777776,32231.100000000006,8664.526666666667,899983.0,6068633.0,6968616.0,168178800,427,413,4465,wifi-exp-17-30
obss_intensity,obss-intensity-qualification-p17,17,21037,1,fd4a0ff25d2d9878de0f,full_copy_t0,1800,991,809,0,809,0.4494444444444444,32458.3,20154.544444444444,5604890.0,5788091.0,11392981.0,561848400,1800,112,18900,wifi-exp-f2e354c
radio_propagation,radio-propagation-qualification-p17,17,21005,1,fea6902f615f46e12ade,full_copy_t2,1800,1798,2,0,2,0.0011111111111111111,15859.27,4689.208888888889,4320156.0,9206420.0,13526576.0,200643600,1800,1791,18900,wifi-exp-f2e354c
compound_shift,compound-shift-qualification-p19,19,21174,1,ff2d2c450154901f8809,oracle_eventual_missing_repair_t2,1800,1724,76,0,76,0.042222222222222223,32659.12,11055.207222222221,1504606.0,6606256.0,8110862.0,171224400,468,393,4854,wifi-exp-17-30
