candidate_ordinal,feature_family,ranker,frame_gate,requested_action_fraction,score_threshold,realized_action_fraction,dr_airtime_us_per_eligible_frame,dr_treat_none_deadline_miss,dr_policy_deadline_miss,dr_deadline_miss_benefit,deadline_miss_relative_improvement,dr_treat_none_completed_late18_numerator,dr_policy_completed_late18_numerator,dr_treat_none_completion_probability,dr_policy_completion_probability,dr_treat_none_completed_late18_ratio,dr_policy_completed_late18_ratio,completed_late18_relative_improvement,dr_treat_none_bad12,dr_policy_bad12,dr_bad12_benefit,balanced_min_relative_improvement,mean_relative_improvement,admissible,rejection_reason,selected
0,primary_base,deadline_value_per_cost,all_frames,0.050000000000000003,5.3931078582536429e-05,0.05005798221878624,119.32438683124124,0.020215760277452761,0.0083726129910836403,0.011843147286369121,0.58583734293575573,0.035515588448998006,0.026094887726969562,0.97978423972254713,0.99162738700891628,0.036248376947821924,0.026315214836573415,0.27403053454081255,0.1046070973176101,0.081498547493663906,0.023108549823946192,0.27403053454081255,0.42993393873828412,0,completed_late18_improvement,0
1,primary_base,deadline_value_per_cost,all_frames,0.074999999999999997,4.0520266338717192e-05,0.07508697332817936,182.8002456849056,0.020215760277452761,0.0069750805495318504,0.013240679727920911,0.65496818057783535,0.035515588448998006,0.023441032832681605,0.97978423972254713,0.993024919450468,0.036248376947821924,0.02360568438267761,0.34877954903589087,0.1046070973176101,0.075978666444053822,0.028628430873556286,0.34877954903589087,0.50187386480686313,0,completed_late18_improvement,0
2,primary_base,deadline_value_per_cost,all_frames,0.10000000000000001,2.8225913411006331e-05,0.10001932740626208,239.23717591613126,0.020215760277452761,0.0058766381145984384,0.014339122162854323,0.70930412539800303,0.035515588448998006,0.023189252339257532,0.97978423972254713,0.9941233618854014,0.036248376947821924,0.023326332755401736,0.35648614587684713,0.1046070973176101,0.071639092794510681,0.03296800452309942,0.35648614587684713,0.53289513563742508,0,completed_late18_improvement,0
3,primary_base,deadline_value_per_cost,all_frames,0.125,2.2476571757579222e-05,0.1250483185156552,318.24591444912977,0.020215760277452761,0.0048260077487193177,0.015389752528733444,0.76127498137668814,0.035515588448998006,0.021486198695167075,0.97978423972254713,0.99517399225128056,0.036248376947821924,0.021590394104412877,0.40437625288736712,0.1046070973176101,0.066811082284121109,0.037796015033488985,0.40437625288736712,0.58282561713202763,0,completed_late18_improvement,0
4,primary_base,deadline_value_per_cost,all_frames,0.14999999999999999,1.8964739865623415e-05,0.15007730962504831,408.68179448587307,0.020215760277452761,0.0043910093599322832,0.015824750917520478,0.78279276665000297,0.035515588448998006,0.020236247154340966,0.97978423972254713,0.99560899064006758,0.036248376947821924,0.020325496600157533,0.43927153953912845,0.1046070973176101,0.063750066343155623,0.040857030974454478,0.43927153953912845,0.61103215309456571,0,assignment_airtime+completed_late18_improvement,0
5,primary_base,deadline_value_per_cost,all_frames,0.16500000000000001,1.7517750166007318e-05,0.16505604947816002,445.38537659366568,0.020215760277452761,0.0042065560326915719,0.01600920424476119,0.79191700064907933,0.035515588448998006,0.01879884768364842,0.97978423972254713,0.99579344396730829,0.036248376947821924,0.018878260142738579,0.47919709150252238,0.1046070973176101,0.061235225803661086,0.043371871513949015,0.47919709150252238,0.63555704607580088,0,assignment_airtime+completed_late18_improvement,0
6,primary_base,deadline_value_per_cost,all_frames,0.17999999999999999,1.6382351532229222e-05,0.18003478933127173,496.15197849091828,0.020215760277452761,0.0038909353824012199,0.016324824895051541,0.8075296041801161,0.035515588448998006,0.016481053518579574,0.97978423972254713,0.99610906461759863,0.036248376947821924,0.016545430720386597,0.54355388810365002,0.1046070973176101,0.057806481903934281,0.04680061541367582,0.54355388810365002,0.67554174614188311,0,assignment_airtime,0
7,primary_base,deadline_value_per_cost,all_frames,0.20000000000000001,1.4980778360040858e-05,0.20003865481252417,552.96283126343576,0.020215760277452761,0.0036739071282113483,0.016541853149241413,0.81826520112088164,0.035515588448998006,0.015585217098404405,0.97978423972254713,0.99632609287178853,0.036248376947821924,0.01564268687722703,0.5684582816012963,0.1046070973176101,0.055985583830255481,0.04862151348735462,0.5684582816012963,0.69336174136108897,0,action_fraction+assignment_airtime,0
8,primary_base,deadline_value_per_cost,p_frames_only,0.050000000000000003,5.3589144954457879e-05,0.05005798221878624,117.55945190004381,0.020215760277452761,0.0085729528018716923,0.011642807475581069,0.57592726248176962,0.035515588448998006,0.026196166011327196,0.97978423972254713,0.99142704719812824,0.036248376947821924,0.026422686455206335,0.27106566748517524,0.1046070973176101,0.081604447747064102,0.023002649570546003,0.27106566748517524,0.42349646498347243,0,completed_late18_improvement,0
9,primary_base,deadline_value_per_cost,p_frames_only,0.074999999999999997,4.0262570109916851e-05,0.07508697332817936,180.0739980974607,0.020215760277452761,0.0070727168959641481,0.013143043381488613,0.65013846628105498,0.035515588448998006,0.023809222308041098,0.97978423972254713,0.99292728310403577,0.036248376947821924,0.023978817697112714,0.33848575533107994,0.1046070973176101,0.07647902441372767,0.028128072903882431,0.33848575533107994,0.49431211080606746,0,completed_late18_improvement,0
10,primary_base,deadline_value_per_cost,p_frames_only,0.10000000000000001,2.7893105652765371e-05,0.10001932740626208,228.88525040745603,0.020215760277452761,0.0062203431296257369,0.013995417147827025,0.69230229067548499,0.035515588448998006,0.021567846921757755,0.97978423972254713,0.99377965687037417,0.036248376947821924,0.021702846071210133,0.40127399076514503,0.1046070973176101,0.070691554627900263,0.033915542689709838,0.40127399076514503,0.54678814072031501,0,completed_late18_improvement,0
11,primary_base,deadline_value_per_cost,p_frames_only,0.125,2.2183201508596539e-05,0.1250483185156552,301.29443419171707,0.020215760277452761,0.0052769795472590916,0.01493878073019367,0.73896704972581895,0.035515588448998006,0.020022742348008833,0.97978423972254713,0.99472302045274075,0.036248376947821924,0.020128962471277313,0.44469341343883778,0.1046070973176101,0.06552128964773965,0.039085807669870444,0.44469341343883778,0.59183023158232839,0,completed_late18_improvement,0
12,primary_base,deadline_value_per_cost,p_frames_only,0.14999999999999999,1.8609525795909576e-05,0.15007730962504831,387.73542820116546,0.020215760277452761,0.0049548414204661495,0.015260918856986612,0.75490204907146474,0.035515588448998006,0.018628310186752216,0.97978423972254713,0.99504515857953379,0.036248376947821924,0.018721070120420326,0.48353356214076698,0.1046070973176101,0.062640690420810302,0.041966406896799792,0.48353356214076698,0.61921780560611583,0,completed_late18_improvement,0
13,primary_base,deadline_value_per_cost,p_frames_only,0.16500000000000001,1.7320413462584838e-05,0.16505604947816002,421.81236282739115,0.020215760277452761,0.004666826981964068,0.015548933295488693,0.76914907389512732,0.035515588448998006,0.017318090542550752,0.97978423972254713,0.99533317301803581,0.036248376947821924,0.017399290018676933,0.51999809415680853,0.1046070973176101,0.05993019784002579,0.044676899477584311,0.51999809415680853,0.64457358402596787,0,assignment_airtime,0
14,primary_base,deadline_value_per_cost,p_frames_only,0.17999999999999999,1.6172711184481159e-05,0.18003478933127173,473.7777987374252,0.020215760277452761,0.0045155652193097258,0.015700195058143036,0.77663144213546742,0.035515588448998006,0.015404946757888244,0.97978423972254713,0.99548443478069015,0.036248376947821924,0.015474824336436788,0.57308917972486961,0.1046070973176101,0.057097401275187067,0.047509696042423034,0.57308917972486961,0.67486031093016852,0,assignment_airtime,0
15,primary_base,deadline_value_per_cost,p_frames_only,0.20000000000000001,1.4744059626536909e-05,0.20003865481252417,521.0351254728339,0.020215760277452761,0.0041207732697293824,0.016094987007723379,0.79616036136294099,0.035515588448998006,0.014493296248269345,0.97978423972254713,0.99587922673027052,0.036248376947821924,0.014553266961752572,0.59851259043400995,0.1046070973176101,0.054009612141903661,0.05059748517570644,0.59851259043400995,0.69733647589847547,0,action_fraction+assignment_airtime,0
16,primary_base,completed_late18_value_per_cost,all_frames,0.050000000000000003,5.9515652537811548e-05,0.05005798221878624,106.90476575695087,0.020215760277452761,0.01012193053533611,0.010093829742116651,0.49930497807567492,0.035515588448998006,0.025321908381074891,0.97978423972254713,0.98987806946466372,0.036248376947821924,0.025580835824324546,0.29429017301527383,0.1046070973176101,0.080365108738001886,0.024241988579608218,0.29429017301527383,0.39679757554547435,0,deadline_improvement+completed_late18_improvement,0
17,primary_base,completed_late18_value_per_cost,all_frames,0.074999999999999997,4.6204942918848246e-05,0.07508697332817936,183.02366280779356,0.020215760277452761,0.0089540141285179738,0.011261746148934788,0.55707754714005731,0.035515588448998006,0.023133905596701629,0.97978423972254713,0.99104598587148196,0.036248376947821924,0.023342918418017399,0.35602858986986952,0.1046070973176101,0.074064403815239613,0.030542693502370488,0.35602858986986952,0.45655306850496341,0,completed_late18_improvement,0
18,primary_base,completed_late18_value_per_cost,all_frames,0.10000000000000001,4.1533796320436522e-05,0.10001932740626208,254.2332291435921,0.020215760277452761,0.0079309805803221313,0.01228477969713063,0.60768328910351244,0.035515588448998006,0.020995678243297483,0.97978423972254713,0.99206901941967773,0.036248376947821924,0.021163525755072111,0.41615245875598367,0.1046070973176101,0.070016484742383103,0.034590612575226998,0.41615245875598367,0.51191787392974808,0,completed_late18_improvement,0
19,primary_base,completed_late18_value_per_cost,all_frames,0.125,3.8897695048945025e-05,0.1250483185156552,320.2670947505074,0.020215760277452761,0.006521511711903313,0.013694248565549448,0.67740457828949674,0.035515588448998006,0.018705231920131769,0.97978423972254713,0.9934784882880966,0.036248376947821924,0.018828019066989079,0.48058311427043332,0.1046070973176101,0.063488555777165168,0.041118541540444933,0.48058311427043332,0.57899384627996509,0,completed_late18_improvement,0
20,primary_base,completed_late18_value_per_cost,all_frames,0.14999999999999999,3.6493387597147375e-05,0.15007730962504831,383.71975153059924,0.020215760277452761,0.0054206516669582563,0.014795108610494505,0.73186011346780411,0.035515588448998006,0.016733156842506633,0.97978423972254713,0.99457934833304162,0.036248376947821924,0.016824355814900171,0.53585905821057445,0.1046070973176101,0.05989465101651148,0.044712446301098621,0.53585905821057445,0.63385958583918933,1,,0
21,primary_base,completed_late18_value_per_cost,all_frames,0.16500000000000001,3.4877819416578859e-05,0.16505604947816002,417.77466922011962,0.020215760277452761,0.004969447729459793,0.015246312547992968,0.75417952818710632,0.035515588448998006,0.015426984378121299,0.97978423972254713,0.99503055227054005,0.036248376947821924,0.015504030849021445,0.57228344675021248,0.1046070973176101,0.057216708777209704,0.047390388540400397,0.57228344675021248,0.66323148746865934,0,assignment_airtime,0
22,primary_base,completed_late18_value_per_cost,all_frames,0.17999999999999999,3.3008138416334987e-05,0.18003478933127173,453.95017766148743,0.020215760277452761,0.0046735779508382241,0.015542182326614537,0.76881512806368191,0.035515588448998006,0.013645495439123898,0.97978423972254713,0.99532642204916166,0.036248376947821924,0.013709568174660507,0.62178808186653778,0.1046070973176101,0.053125689845271995,0.051481407472338106,0.62178808186653778,0.69530160496510984,0,assignment_airtime,0
23,primary_base,completed_late18_value_per_cost,all_frames,0.20000000000000001,3.0574738048017025e-05,0.20003865481252417,511.47151465944529,0.020215760277452761,0.0040653933527084844,0.016150366924744277,0.79889980406807959,0.035515588448998006,0.012279212157229935,0.97978423972254713,0.99593460664729139,0.036248376947821924,0.012329335756859183,0.65986516376700766,0.1046070973176101,0.04942449012857373,0.055182607189036371,0.65986516376700766,0.72938248391754357,0,action_fraction+assignment_airtime,0
24,primary_base,completed_late18_value_per_cost,p_frames_only,0.050000000000000003,5.9515652537811548e-05,0.05005798221878624,106.90476575695087,0.020215760277452761,0.01012193053533611,0.010093829742116651,0.49930497807567492,0.035515588448998006,0.025321908381074891,0.97978423972254713,0.98987806946466372,0.036248376947821924,0.025580835824324546,0.29429017301527383,0.1046070973176101,0.080365108738001886,0.024241988579608218,0.29429017301527383,0.39679757554547435,0,deadline_improvement+completed_late18_improvement,0
25,primary_base,completed_late18_value_per_cost,p_frames_only,0.074999999999999997,4.6204942918848246e-05,0.07508697332817936,183.02366280779356,0.020215760277452761,0.0089540141285179738,0.011261746148934788,0.55707754714005731,0.035515588448998006,0.023133905596701629,0.97978423972254713,0.99104598587148196,0.036248376947821924,0.023342918418017399,0.35602858986986952,0.1046070973176101,0.074064403815239613,0.030542693502370488,0.35602858986986952,0.45655306850496341,0,completed_late18_improvement,0
26,primary_base,completed_late18_value_per_cost,p_frames_only,0.10000000000000001,4.1533796320436522e-05,0.10001932740626208,254.2332291435921,0.020215760277452761,0.0079309805803221313,0.01228477969713063,0.60768328910351244,0.035515588448998006,0.020995678243297483,0.97978423972254713,0.99206901941967773,0.036248376947821924,0.021163525755072111,0.41615245875598367,0.1046070973176101,0.070016484742383103,0.034590612575226998,0.41615245875598367,0.51191787392974808,0,completed_late18_improvement,0
27,primary_base,completed_late18_value_per_cost,p_frames_only,0.125,3.8897695048945025e-05,0.1250483185156552,320.2670947505074,0.020215760277452761,0.006521511711903313,0.013694248565549448,0.67740457828949674,0.035515588448998006,0.018705231920131769,0.97978423972254713,0.9934784882880966,0.036248376947821924,0.018828019066989079,0.48058311427043332,0.1046070973176101,0.063488555777165168,0.041118541540444933,0.48058311427043332,0.57899384627996509,0,completed_late18_improvement,0
28,primary_base,completed_late18_value_per_cost,p_frames_only,0.14999999999999999,3.6493387597147375e-05,0.15007730962504831,383.71975153059924,0.020215760277452761,0.0054206516669582563,0.014795108610494505,0.73186011346780411,0.035515588448998006,0.016733156842506633,0.97978423972254713,0.99457934833304162,0.036248376947821924,0.016824355814900171,0.53585905821057445,0.1046070973176101,0.05989465101651148,0.044712446301098621,0.53585905821057445,0.63385958583918933,1,,0
29,primary_base,completed_late18_value_per_cost,p_frames_only,0.16500000000000001,3.4877819416578859e-05,0.16505604947816002,417.77466922011962,0.020215760277452761,0.004969447729459793,0.015246312547992968,0.75417952818710632,0.035515588448998006,0.015426984378121299,0.97978423972254713,0.99503055227054005,0.036248376947821924,0.015504030849021445,0.57228344675021248,0.1046070973176101,0.057216708777209704,0.047390388540400397,0.57228344675021248,0.66323148746865934,0,assignment_airtime,0
30,primary_base,completed_late18_value_per_cost,p_frames_only,0.17999999999999999,3.2957726944005117e-05,0.18003478933127173,452.17396212916856,0.020215760277452761,0.0048742145623029958,0.015341545715149766,0.75889036596168225,0.035515588448998006,0.013737194937241189,0.97978423972254713,0.99512578543769692,0.036248376947821924,0.013804480939260367,0.6191696814692873,0.1046070973176101,0.053340499110245736,0.051266598207364365,0.6191696814692873,0.68903002371548472,0,assignment_airtime,0
31,primary_base,completed_late18_value_per_cost,p_frames_only,0.20000000000000001,3.0556817364413291e-05,0.20003865481252417,509.05648071307542,0.020215760277452761,0.0042596637583901635,0.015956096519062598,0.78928995496938625,0.035515588448998006,0.012252830856612155,0.97978423972254713,0.99574033624160974,0.036248376947821924,0.012305247071601093,0.66052970897665297,0.1046070973176101,0.049485543844566576,0.055121553473043525,0.66052970897665297,0.72490983197301961,0,action_fraction+assignment_airtime,0
32,primary_base,balanced_normalized_value_per_cost,all_frames,0.050000000000000003,0.0015159283066168427,0.05005798221878624,115.17709790984549,0.020215760277452761,0.0086990514157074608,0.011516708861745301,0.56968962352557317,0.035515588448998006,0.025418094881737879,0.97978423972254713,0.99130094858429241,0.036248376947821924,0.025641148551343817,0.29262629915118088,0.1046070973176101,0.080654485851019642,0.023952611466590456,0.29262629915118088,0.43115796133837703,0,completed_late18_improvement,0
33,primary_base,balanced_normalized_value_per_cost,all_frames,0.074999999999999997,0.0012459402205422521,0.07508697332817936,180.4451863487275,0.020215760277452761,0.0071677771169889621,0.013047983160463799,0.64543618352145793,0.035515588448998006,0.02318085193919768,0.97978423972254713,0.99283222288301087,0.036248376947821924,0.023348206680766814,0.3558827002274994,0.1046070973176101,0.075459748365794679,0.029147348951815418,0.3558827002274994,0.50065944187447864,0,completed_late18_improvement,0
34,primary_base,balanced_normalized_value_per_cost,all_frames,0.10000000000000001,0.0010296482359990478,0.10001932740626208,234.78631558272764,0.020215760277452761,0.0057556644464319563,0.014460095831020805,0.71528825196589707,0.035515588448998006,0.021181991473852996,0.97978423972254713,0.99424433555356795,0.036248376947821924,0.021304613681363792,0.41226020375944217,0.1046070973176101,0.069561246824622114,0.035045850492987987,0.41226020375944217,0.56377422786266962,0,completed_late18_improvement,0
35,primary_base,balanced_normalized_value_per_cost,all_frames,0.125,0.00086099549662321806,0.1250483185156552,304.9036153291309,0.020215760277452761,0.0050234692455606265,0.015192291031892135,0.75150728062582683,0.035515588448998006,0.019364108169743474,0.97978423972254713,0.99497653075443926,0.036248376947821924,0.019461874296734086,0.46309666982472986,0.1046070973176101,0.064455470497901263,0.040151626819708838,0.46309666982472986,0.6073019752252784,0,completed_late18_improvement,0
36,primary_base,balanced_normalized_value_per_cost,all_frames,0.14999999999999999,0.00075560243567451835,0.15007730962504831,395.56402823883479,0.020215760277452761,0.0044058362777822588,0.015809923999670503,0.78205933304936248,0.035515588448998006,0.019822998184666887,0.97978423972254713,0.99559416372221765,0.036248376947821924,0.019910721564050604,0.45071412182919846,0.1046070973176101,0.061790720676562272,0.042816376641047829,0.45071412182919846,0.61638672743928047,0,completed_late18_improvement,0
37,primary_base,balanced_normalized_value_per_cost,all_frames,0.16500000000000001,0.00070533552207052708,0.16505604947816002,437.16871622226074,0.020215760277452761,0.0039735986763466159,0.016242161601106146,0.80344055223198863,0.035515588448998006,0.018368025866480092,0.97978423972254713,0.99602640132365328,0.036248376947821924,0.018441304208472988,0.49125158803610708,0.1046070973176101,0.058271543809406884,0.046335553508203217,0.49125158803610708,0.64734607013404788,0,assignment_airtime+completed_late18_improvement,0
38,primary_base,balanced_normalized_value_per_cost,all_frames,0.17999999999999999,0.000657995929941535,0.18003478933127173,481.1172879589484,0.020215760277452761,0.0037394946502332903,0.016476265627219471,0.8150208253901754,0.035515588448998006,0.015718040322432916,0.97978423972254713,0.99626050534976662,0.036248376947821924,0.015777038473400725,0.56475186472180161,0.1046070973176101,0.055554967049716651,0.04905213026789345,0.56475186472180161,0.68988634505598845,0,assignment_airtime,0
39,primary_base,balanced_normalized_value_per_cost,all_frames,0.20000000000000001,0.0006033774116076529,0.20003865481252417,543.03770859335293,0.020215760277452761,0.00316073740113108,0.017055022876321681,0.84364983766371904,0.035515588448998006,0.014670187371951693,0.97978423972254713,0.99683926259886879,0.036248376947821924,0.014716703005562715,0.59400380803954855,0.1046070973176101,0.052713045477747515,0.051894051839862586,0.59400380803954855,0.7188268228516338,0,action_fraction+assignment_airtime,0
40,primary_base,balanced_normalized_value_per_cost,p_frames_only,0.050000000000000003,0.0015139940660446882,0.05005798221878624,114.51532609540158,0.020215760277452761,0.0088000692034838849,0.011415691073968877,0.56469264164658384,0.035515588448998006,0.025414382835665703,0.97978423972254713,0.99119993079651603,0.036248376947821924,0.025640016757510282,0.29265752244802434,0.1046070973176101,0.080614246035921044,0.02399285128168905,0.29265752244802434,0.42867508204730409,0,completed_late18_improvement,0
41,primary_base,balanced_normalized_value_per_cost,p_frames_only,0.074999999999999997,0.0012451683869585395,0.07508697332817936,179.22024410434543,0.020215760277452761,0.0073702977552303414,0.01284546252222242,0.63541822547971871,0.035515588448998006,0.02317430100741761,0.97978423972254713,0.99262970224476954,0.036248376947821924,0.023346370711062128,0.35593334993541126,0.1046070973176101,0.075592125731602511,0.029014971586007583,0.35593334993541126,0.49567578770756499,0,completed_late18_improvement,0
42,primary_base,balanced_normalized_value_per_cost,p_frames_only,0.10000000000000001,0.001025523291900754,0.10001932740626208,232.30087496183972,0.020215760277452761,0.0059451670918611935,0.014270593185591568,0.70591424659442492,0.035515588448998006,0.021352084739968406,0.97978423972254713,0.99405483290813867,0.036248376947821924,0.021479785654783461,0.4074276570864746,0.1046070973176101,0.069753084975466811,0.034854012342143283,0.4074276570864746,0.55667095184044979,0,completed_late18_improvement,0
43,primary_base,balanced_normalized_value_per_cost,p_frames_only,0.125,0.00085836381185799837,0.1250483185156552,308.87314425392486,0.020215760277452761,0.0052061567698452101,0.015009603507607551,0.74247039446486751,0.035515588448998006,0.01979764872556608,0.97978423972254713,0.99479384323015463,0.036248376947821924,0.019901257793556441,0.45097520304968414,0.1046070973176101,0.06504935433769915,0.039557742979910958,0.45097520304968414,0.59672279875727585,0,completed_late18_improvement,0
44,primary_base,balanced_normalized_value_per_cost,p_frames_only,0.14999999999999999,0.00075060816016048193,0.15007730962504831,384.73344422119277,0.020215760277452761,0.0045461424615213311,0.01566961781593143,0.7751188973787061,0.035515588448998006,0.018132981671158125,0.97978423972254713,0.99545385753847859,0.036248376947821924,0.018215793262378519,0.49747285820274328,0.1046070973176101,0.060407072259094474,0.044200025058515627,0.49747285820274328,0.63629587779072472,0,completed_late18_improvement,0
45,primary_base,balanced_normalized_value_per_cost,p_frames_only,0.16500000000000001,0.00070004374720156193,0.16505604947816002,424.17826913601476,0.020215760277452761,0.0043121070854553918,0.01590365319199737,0.78669577466919149,0.035515588448998006,0.016751382286116775,0.97978423972254713,0.99568789291454451,0.036248376947821924,0.01682392886899798,0.53587083655592782,0.1046070973176101,0.057389273835930017,0.047217823481680084,0.53587083655592782,0.66128330561255966,0,assignment_airtime,0
46,primary_base,balanced_normalized_value_per_cost,p_frames_only,0.17999999999999999,0.0006534663843922317,0.18003478933127173,468.42968907576187,0.020215760277452761,0.0041768611518516394,0.016038899125601122,0.79338589820387728,0.035515588448998006,0.01417042489760461,0.97978423972254713,0.99582313884814821,0.036248376947821924,0.014229861051426563,0.60743453225754429,0.1046070973176101,0.054870628808317522,0.049736468509292579,0.60743453225754429,0.70041021523071079,0,assignment_airtime,0
47,primary_base,balanced_normalized_value_per_cost,p_frames_only,0.20000000000000001,0.00059605913702398539,0.20003865481252417,519.86416474639293,0.020215760277452761,0.00381421551297733,0.016401544764475431,0.81132465657344399,0.035515588448998006,0.013269958436233898,0.97978423972254713,0.99618578448702255,0.036248376947821924,0.013320766711268773,0.63251411972338856,0.1046070973176101,0.05158831269910541,0.053018784618504691,0.63251411972338856,0.72191938814841627,0,action_fraction+assignment_airtime,0
48,primary_base,legacy_bad12_value_per_cost,all_frames,0.050000000000000003,0.00015259305655490607,0.05005798221878624,105.0022280317574,0.020215760277452761,0.0097077951966888509,0.010507965080763911,0.51979074427805505,0.035515588448998006,0.025202083813878867,0.97978423972254713,0.99029220480331104,0.036248376947821924,0.025449138841686057,0.29792335589758773,0.1046070973176101,0.079166026566827002,0.025441070750783105,0.29792335589758773,0.40885705008782136,0,completed_late18_improvement,0
49,primary_base,legacy_bad12_value_per_cost,all_frames,0.074999999999999997,0.00013169158773962408,0.07508697332817936,178.17391959593868,0.020215760277452761,0.0077694022110343271,0.012446358066418434,0.61567598228300258,0.035515588448998006,0.02266015369922867,0.97978423972254713,0.99223059778896561,0.036248376947821924,0.022837588106760023,0.36996936056933499,0.1046070973176101,0.073233611125548159,0.031373486192061935,0.36996936056933499,0.49282267142616876,0,completed_late18_improvement,0
50,primary_base,legacy_bad12_value_per_cost,all_frames,0.10000000000000001,0.00011473703489173204,0.10001932740626208,251.05900586000033,0.020215760277452761,0.0062652495791924567,0.013950510698260305,0.69008093224273759,0.035515588448998006,0.020804611460382073,0.97978423972254713,0.99373475042080739,0.036248376947821924,0.020935779343101511,0.42243539970802774,0.1046070973176101,0.067524634240841319,0.037082463076768789,0.42243539970802774,0.55625816597538269,0,completed_late18_improvement,0
51,primary_base,legacy_bad12_value_per_cost,all_frames,0.125,0.00010794623085530475,0.1250483185156552,321.36509009188933,0.020215760277452761,0.0056302173217367829,0.014585542955715979,0.72149366412816385,0.035515588448998006,0.019043133147044939,0.97978423972254713,0.99436978267826315,0.036248376947821924,0.019150957197988896,0.47167407728197247,0.1046070973176101,0.064178880972850294,0.040428216344759807,0.47167407728197247,0.59658387070506813,0,completed_late18_improvement,0
52,primary_base,legacy_bad12_value_per_cost,all_frames,0.14999999999999999,9.8099488241132349e-05,0.15007730962504831,377.89388792404606,0.020215760277452761,0.0047236031021633245,0.015492157175289437,0.76634056610615331,0.035515588448998006,0.016569308757396931,0.97978423972254713,0.99527639689783653,0.036248376947821924,0.016647947051735161,0.54072572474902225,0.1046070973176101,0.058884001879953067,0.045723095437657034,0.54072572474902225,0.65353314542758778,1,,0
53,primary_base,legacy_bad12_value_per_cost,all_frames,0.16500000000000001,9.2078371380921453e-05,0.16505604947816002,405.03419097212645,0.020215760277452761,0.0040599397000836458,0.016155820577369116,0.79916957639175124,0.035515588448998006,0.014837877288887479,0.97978423972254713,0.99594006029991622,0.036248376947821924,0.014898363747331559,0.58899225284549561,0.1046070973176101,0.05471474464067725,0.049892352676932851,0.58899225284549561,0.69408091461862342,0,assignment_airtime,0
54,primary_base,legacy_bad12_value_per_cost,all_frames,0.17999999999999999,8.7295455159619451e-05,0.18003478933127173,444.05356146595852,0.020215760277452761,0.0038657538389533647,0.016350006438499397,0.80877524337954509,0.035515588448998006,0.013758764998495019,0.97978423972254713,0.99613424616104651,0.036248376947821924,0.013812159406745884,0.61895785219217037,0.1046070973176101,0.052281851050847955,0.052325246266762146,0.61895785219217037,0.71386654778585767,0,assignment_airtime,0
55,primary_base,legacy_bad12_value_per_cost,all_frames,0.20000000000000001,8.1103018601424992e-05,0.20003865481252417,499.30428035967691,0.020215760277452761,0.0035582843531682604,0.016657475924284501,0.82398463850321169,0.035515588448998006,0.012944552899012293,0.97978423972254713,0.99644171564683159,0.036248376947821924,0.012990777780323506,0.64161767024705119,0.1046070973176101,0.04928049893052773,0.055326598387082371,0.64161767024705119,0.73280115437513138,0,action_fraction+assignment_airtime,0
56,primary_base,legacy_bad12_value_per_cost,p_frames_only,0.050000000000000003,0.00015259305655490607,0.05005798221878624,105.0022280317574,0.020215760277452761,0.0097077951966888509,0.010507965080763911,0.51979074427805505,0.035515588448998006,0.025202083813878867,0.97978423972254713,0.99029220480331104,0.036248376947821924,0.025449138841686057,0.29792335589758773,0.1046070973176101,0.079166026566827002,0.025441070750783105,0.29792335589758773,0.40885705008782136,0,completed_late18_improvement,0
57,primary_base,legacy_bad12_value_per_cost,p_frames_only,0.074999999999999997,0.00013169158773962408,0.07508697332817936,178.17391959593868,0.020215760277452761,0.0077694022110343271,0.012446358066418434,0.61567598228300258,0.035515588448998006,0.02266015369922867,0.97978423972254713,0.99223059778896561,0.036248376947821924,0.022837588106760023,0.36996936056933499,0.1046070973176101,0.073233611125548159,0.031373486192061935,0.36996936056933499,0.49282267142616876,0,completed_late18_improvement,0
58,primary_base,legacy_bad12_value_per_cost,p_frames_only,0.10000000000000001,0.00011473703489173204,0.10001932740626208,251.05900586000033,0.020215760277452761,0.0062652495791924567,0.013950510698260305,0.69008093224273759,0.035515588448998006,0.020804611460382073,0.97978423972254713,0.99373475042080739,0.036248376947821924,0.020935779343101511,0.42243539970802774,0.1046070973176101,0.067524634240841319,0.037082463076768789,0.42243539970802774,0.55625816597538269,0,completed_late18_improvement,0
59,primary_base,legacy_bad12_value_per_cost,p_frames_only,0.125,0.00010794623085530475,0.1250483185156552,321.36509009188933,0.020215760277452761,0.0056302173217367829,0.014585542955715979,0.72149366412816385,0.035515588448998006,0.019043133147044939,0.97978423972254713,0.99436978267826315,0.036248376947821924,0.019150957197988896,0.47167407728197247,0.1046070973176101,0.064178880972850294,0.040428216344759807,0.47167407728197247,0.59658387070506813,0,completed_late18_improvement,0
60,primary_base,legacy_bad12_value_per_cost,p_frames_only,0.14999999999999999,9.8099488241132349e-05,0.15007730962504831,377.89388792404606,0.020215760277452761,0.0047236031021633245,0.015492157175289437,0.76634056610615331,0.035515588448998006,0.016569308757396931,0.97978423972254713,0.99527639689783653,0.036248376947821924,0.016647947051735161,0.54072572474902225,0.1046070973176101,0.058884001879953067,0.045723095437657034,0.54072572474902225,0.65353314542758778,1,,0
61,primary_base,legacy_bad12_value_per_cost,p_frames_only,0.16500000000000001,9.2078371380921453e-05,0.16505604947816002,405.03419097212645,0.020215760277452761,0.0040599397000836458,0.016155820577369116,0.79916957639175124,0.035515588448998006,0.014837877288887479,0.97978423972254713,0.99594006029991622,0.036248376947821924,0.014898363747331559,0.58899225284549561,0.1046070973176101,0.05471474464067725,0.049892352676932851,0.58899225284549561,0.69408091461862342,0,assignment_airtime,0
62,primary_base,legacy_bad12_value_per_cost,p_frames_only,0.17999999999999999,8.7239859567489475e-05,0.18003478933127173,442.85897857283049,0.020215760277452761,0.0038592490997990392,0.016356511177653722,0.809097009123947,0.035515588448998006,0.013850386633429069,0.97978423972254713,0.99614075090020082,0.036248376947821924,0.013904045809703735,0.61642294137147025,0.1046070973176101,0.052307138289104632,0.052299959028505469,0.61642294137147025,0.71275997524770862,0,assignment_airtime,0
63,primary_base,legacy_bad12_value_per_cost,p_frames_only,0.20000000000000001,8.1086531281471252e-05,0.20003865481252417,499.91531708245356,0.020215760277452761,0.0036528644501384842,0.016562895827314277,0.81930610573114915,0.035515588448998006,0.013040106182433821,0.97978423972254713,0.99634713554986143,0.036248376947821924,0.013087914560257437,0.63893791495555896,0.1046070973176101,0.0493905520686709,0.055216545248939201,0.63893791495555896,0.729122010343354,0,action_fraction+assignment_airtime,0
64,primary_compact_physics,deadline_value_per_cost,all_frames,0.050000000000000003,5.3055908210808411e-05,0.05005798221878624,120.81523445409942,0.020215760277452761,0.0085517598109674763,0.011664000466485285,0.57697560252010371,0.035515588448998006,0.026488685212982761,0.97978423972254713,0.99144824018903244,0.036248376947821924,0.026717163982188673,0.26294178576196797,0.1046070973176101,0.082023734503428591,0.022583362814181506,0.26294178576196797,0.41995869414103582,0,completed_late18_improvement,0
65,primary_compact_physics,deadline_value_per_cost,all_frames,0.074999999999999997,4.0828319470165297e-05,0.07508697332817936,182.30080586326795,0.020215760277452761,0.007008347406538714,0.013207412870914047,0.65332259037740315,0.035515588448998006,0.023587768049769003,0.97978423972254713,0.99299165259346123,0.036248376947821924,0.023754246058527568,0.34468111240619553,0.1046070973176101,0.076407892166497515,0.028199205151112582,0.34468111240619553,0.49900185139179931,0,completed_late18_improvement,0
66,primary_compact_physics,deadline_value_per_cost,all_frames,0.10000000000000001,2.8388649297994561e-05,0.10001932740626208,243.39006011906829,0.020215760277452761,0.0061357999045910539,0.014079960372861708,0.69648433596462389,0.035515588448998006,0.022446997294961399,0.97978423972254713,0.99386420009540888,0.036248376947821924,0.022585577881572286,0.37692167806345334,0.1046070973176101,0.070952707641262408,0.0336543896763477,0.37692167806345334,0.53670300701403861,0,completed_late18_improvement,0
67,primary_compact_physics,deadline_value_per_cost,all_frames,0.125,2.2521855498780496e-05,0.1250483185156552,314.88231986831988,0.020215760277452761,0.0049114071271925824,0.015304353150260179,0.75705058529654112,0.035515588448998006,0.021415139597381297,0.97978423972254713,0.99508859287280726,0.036248376947821924,0.02152083719054208,0.40629515022092005,0.1046070973176101,0.067086987099145901,0.037520110218464207,0.40629515022092005,0.58167286775873062,0,completed_late18_improvement,0
68,primary_compact_physics,deadline_value_per_cost,all_frames,0.14999999999999999,1.8944743715110235e-05,0.15007730962504831,402.95585534411674,0.020215760277452761,0.0044050119844420213,0.01581074829301074,0.78210010783739548,0.035515588448998006,0.020036210062080048,0.97978423972254713,0.9955949880155579,0.036248376947821924,0.02012486031294379,0.44480658149431862,0.1046070973176101,0.063919997714695337,0.040687099602914757,0.44480658149431862,0.61345334466585699,0,assignment_airtime+completed_late18_improvement,0
69,primary_compact_physics,deadline_value_per_cost,all_frames,0.16500000000000001,1.7586109606781974e-05,0.16505604947816002,447.61096368575306,0.020215760277452761,0.0042135383276362265,0.016002221949816535,0.79157161195981773,0.035515588448998006,0.018779594696336777,0.97978423972254713,0.99578646167236362,0.036248376947821924,0.018859058060296956,0.47972682783993859,0.1046070973176101,0.061245754349394825,0.043361342968215276,0.47972682783993859,0.63564921989987822,0,assignment_airtime+completed_late18_improvement,0
70,primary_compact_physics,deadline_value_per_cost,all_frames,0.17999999999999999,1.648644138185773e-05,0.18003478933127173,492.64457674607348,0.020215760277452761,0.0039961288318465273,0.016219631445606234,0.80232606753338243,0.035515588448998006,0.016683978223372684,0.97978423972254713,0.99600387116815337,0.036248376947821924,0.016750917045939836,0.53788504599662201,0.1046070973176101,0.057871372730482623,0.046735724587127478,0.53788504599662201,0.67010555676500227,0,assignment_airtime,0
71,primary_compact_physics,deadline_value_per_cost,all_frames,0.20000000000000001,1.5007403817435261e-05,0.20003865481252417,552.73563435717938,0.020215760277452761,0.0035766359256292971,0.016639124351823464,0.82307685308187861,0.035515588448998006,0.015728725582524198,0.97978423972254713,0.9964233640743706,0.036248376947821924,0.015785183436696538,0.5645271660185317,0.1046070973176101,0.056145863313041416,0.048461234004568685,0.5645271660185317,0.6938020095502051,0,action_fraction+assignment_airtime,0
72,primary_compact_physics,deadline_value_per_cost,p_frames_only,0.050000000000000003,5.3011663112556562e-05,0.05005798221878624,119.59076111324057,0.020215760277452761,0.0087545509007535046,0.011461209376699257,0.56694426622590521,0.035515588448998006,0.026484556480657589,0.97978423972254713,0.99124544909924639,0.036248376947821924,0.026718464639332612,0.26290590395832719,0.1046070973176101,0.082161754406593998,0.022445342911016099,0.26290590395832719,0.41492508509211623,0,completed_late18_improvement,0
73,primary_compact_physics,deadline_value_per_cost,p_frames_only,0.074999999999999997,4.0404487663181499e-05,0.07508697332817936,179.59304947894893,0.020215760277452761,0.0070965004944387126,0.013119259783014049,0.64896197832571001,0.035515588448998006,0.02368085287310543,0.97978423972254713,0.99290349950556123,0.036248376947821924,0.023850105156138383,0.34203660510180506,0.1046070973176101,0.07635219375792783,0.028254903559682267,0.34203660510180506,0.49549929171375751,0,completed_late18_improvement,0
74,primary_compact_physics,deadline_value_per_cost,p_frames_only,0.10000000000000001,2.8073265639250167e-05,0.10001932740626208,234.39478393457992,0.020215760277452761,0.0063575326604450744,0.013858227617007687,0.68551602446850246,0.035515588448998006,0.021822270379137559,0.97978423972254713,0.99364246733955486,0.036248376947821924,0.021961893836488264,0.39412752554130842,0.1046070973176101,0.070790375144202944,0.033816722173407157,0.39412752554130842,0.53982177500490547,0,completed_late18_improvement,0
75,primary_compact_physics,deadline_value_per_cost,p_frames_only,0.125,2.2179418010637164e-05,0.1250483185156552,299.59886805972519,0.020215760277452761,0.0051734218686521598,0.015042338408800602,0.74408967074949783,0.035515588448998006,0.019906079577499299,0.97978423972254713,0.99482657813134767,0.036248376947821924,0.020009597667656084,0.44798638304663702,0.1046070973176101,0.065167165150406284,0.039439932167203817,0.44798638304663702,0.5960380268980674,0,completed_late18_improvement,0
76,primary_compact_physics,deadline_value_per_cost,p_frames_only,0.14999999999999999,1.8624838048708625e-05,0.15007730962504831,379.86677691742449,0.020215760277452761,0.0048667106813024847,0.015349049596150277,0.75926155561260433,0.035515588448998006,0.018543595277261661,0.97978423972254713,0.99513328931869738,0.036248376947821924,0.018634282941089476,0.48592779842493983,0.1046070973176101,0.062606534800119212,0.042000562517490882,0.48592779842493983,0.62259467701877202,0,completed_late18_improvement,0
77,primary_compact_physics,deadline_value_per_cost,p_frames_only,0.16500000000000001,1.7460268281865865e-05,0.16505604947816002,423.50341771018395,0.020215760277452761,0.0048567049821874632,0.015359055295265298,0.7597565010896824,0.035515588448998006,0.017240132921141651,0.97978423972254713,0.9951432950178124,0.036248376947821924,0.017324271798297212,0.52206765496742646,0.1046070973176101,0.060277335579736732,0.044329761737873369,0.52206765496742646,0.64091207802855443,0,assignment_airtime,0
78,primary_compact_physics,deadline_value_per_cost,p_frames_only,0.17999999999999999,1.6153098840732127e-05,0.18003478933127173,468.16519443236098,0.020215760277452761,0.0046567509081109574,0.015559009369341804,0.76964750055407161,0.035515588448998006,0.015370896289763552,0.97978423972254713,0.99534324909188898,0.036248376947821924,0.015442809607426722,0.57397238420754604,0.1046070973176101,0.057053845447535723,0.047553251870074378,0.57397238420754604,0.67180994238080882,0,assignment_airtime,0
79,primary_compact_physics,deadline_value_per_cost,p_frames_only,0.20000000000000001,1.4771238966204692e-05,0.20003865481252417,521.00785636815942,0.020215760277452761,0.0041188937789932885,0.016096866498459473,0.79625333292128453,0.035515588448998006,0.014180698181619711,0.97978423972254713,0.99588110622100656,0.036248376947821924,0.014239348545761768,0.60717279655696765,0.1046070973176101,0.053795572805850955,0.050811524511759146,0.60717279655696765,0.70171306473912609,0,action_fraction+assignment_airtime,0
80,primary_compact_physics,completed_late18_value_per_cost,all_frames,0.050000000000000003,5.8986486692447215e-05,0.05005798221878624,114.9725435784828,0.020215760277452761,0.010381048632005643,0.0098347116454471188,0.48648734999178167,0.035515588448998006,0.025175141569077394,0.97978423972254713,0.98961895136799427,0.036248376947821924,0.025439227426148899,0.29819678649977516,0.1046070973176101,0.080345923005702799,0.024261174311907305,0.29819678649977516,0.39234206824577844,0,deadline_improvement+completed_late18_improvement,0
81,primary_compact_physics,completed_late18_value_per_cost,all_frames,0.074999999999999997,4.6222030505305156e-05,0.07508697332817936,186.01911340408515,0.020215760277452761,0.0088644476760532994,0.011351312601399462,0.56150807318683527,0.035515588448998006,0.022990358610123711,0.97978423972254713,0.99113555232394657,0.036248376947821924,0.023195978144682123,0.36008229615158227,0.1046070973176101,0.074625824661139484,0.029981272656470617,0.36008229615158227,0.46079518466920877,0,completed_late18_improvement,0
82,primary_compact_physics,completed_late18_value_per_cost,all_frames,0.10000000000000001,4.2128813220188022e-05,0.10001932740626208,255.67133365567565,0.020215760277452761,0.0076349938228444623,0.012580766454608299,0.62232467549785908,0.035515588448998006,0.021734489923679406,0.97978423972254713,0.9923650061771554,0.036248376947821924,0.02190170933919389,0.39578786187529119,0.1046070973176101,0.070217282759555411,0.034389814558054684,0.39578786187529119,0.50905626868657516,0,completed_late18_improvement,0
83,primary_compact_physics,completed_late18_value_per_cost,all_frames,0.125,3.93460868508555e-05,0.1250483185156552,323.04750150380414,0.020215760277452761,0.0063336699227128056,0.013882090354739956,0.68669642715456336,0.035515588448998006,0.01864137156279936,0.97978423972254713,0.99366633007728711,0.036248376947821924,0.018760192429333335,0.48245427770909921,0.1046070973176101,0.063095644663992617,0.041511452653617477,0.48245427770909921,0.58457535243183134,0,completed_late18_improvement,0
84,primary_compact_physics,completed_late18_value_per_cost,all_frames,0.14999999999999999,3.6877918319078162e-05,0.15007730962504831,383.1473657517796,0.020215760277452761,0.005464691783966193,0.014751068493486568,0.72968160935005122,0.035515588448998006,0.016445941380749719,0.97978423972254713,0.99453530821603364,0.036248376947821924,0.016536307202858321,0.54380558261514256,0.1046070973176101,0.059558527873234929,0.045048569444375172,0.54380558261514256,0.63674359598259689,1,,0
85,primary_compact_physics,completed_late18_value_per_cost,all_frames,0.16500000000000001,3.5123110137647018e-05,0.16505604947816002,411.67953797963554,0.020215760277452761,0.0050578402344890923,0.015157920042963669,0.74980707304239991,0.035515588448998006,0.015081793570106087,0.97978423972254713,0.99494215976551081,0.036248376947821924,0.015158462652402409,0.58181678936349612,0.1046070973176101,0.056219609820512169,0.048387487497097932,0.58181678936349612,0.66581193120294802,0,assignment_airtime,0
86,primary_compact_physics,completed_late18_value_per_cost,all_frames,0.17999999999999999,3.3207910746568814e-05,0.18003478933127173,449.7400510681241,0.020215760277452761,0.0046365998032147811,0.01557916047423798,0.77064430228794711,0.035515588448998006,0.01259278121605991,0.97978423972254713,0.99536340019678515,0.036248376947821924,0.012651440884374787,0.65097910721393049,0.1046070973176101,0.051888282861871166,0.052718814455738935,0.65097910721393049,0.7108117047509388,0,assignment_airtime,0
87,primary_compact_physics,completed_late18_value_per_cost,all_frames,0.20000000000000001,3.0923543818062171e-05,0.20003865481252417,505.95878877800243,0.020215760277452761,0.00396142049375647,0.016254339783696291,0.80404296255062147,0.035515588448998006,0.01238281836966397,0.97978423972254713,0.99603857950624342,0.036248376947821924,0.01243206701471582,0.65703107113978432,0.1046070973176101,0.049429225787120869,0.055177871530489232,0.65703107113978432,0.73053701684520289,0,action_fraction+assignment_airtime,0
88,primary_compact_physics,completed_late18_value_per_cost,p_frames_only,0.050000000000000003,5.8986486692447215e-05,0.05005798221878624,114.9725435784828,0.020215760277452761,0.010381048632005643,0.0098347116454471188,0.48648734999178167,0.035515588448998006,0.025175141569077394,0.97978423972254713,0.98961895136799427,0.036248376947821924,0.025439227426148899,0.29819678649977516,0.1046070973176101,0.080345923005702799,0.024261174311907305,0.29819678649977516,0.39234206824577844,0,deadline_improvement+completed_late18_improvement,0
89,primary_compact_physics,completed_late18_value_per_cost,p_frames_only,0.074999999999999997,4.6222030505305156e-05,0.07508697332817936,186.01911340408515,0.020215760277452761,0.0088644476760532994,0.011351312601399462,0.56150807318683527,0.035515588448998006,0.022990358610123711,0.97978423972254713,0.99113555232394657,0.036248376947821924,0.023195978144682123,0.36008229615158227,0.1046070973176101,0.074625824661139484,0.029981272656470617,0.36008229615158227,0.46079518466920877,0,completed_late18_improvement,0
90,primary_compact_physics,completed_late18_value_per_cost,p_frames_only,0.10000000000000001,4.2128813220188022e-05,0.10001932740626208,255.67133365567565,0.020215760277452761,0.0076349938228444623,0.012580766454608299,0.62232467549785908,0.035515588448998006,0.021734489923679406,0.97978423972254713,0.9923650061771554,0.036248376947821924,0.02190170933919389,0.39578786187529119,0.1046070973176101,0.070217282759555411,0.034389814558054684,0.39578786187529119,0.50905626868657516,0,completed_late18_improvement,0
91,primary_compact_physics,completed_late18_value_per_cost,p_frames_only,0.125,3.93460868508555e-05,0.1250483185156552,323.04750150380414,0.020215760277452761,0.0063336699227128056,0.013882090354739956,0.68669642715456336,0.035515588448998006,0.01864137156279936,0.97978423972254713,0.99366633007728711,0.036248376947821924,0.018760192429333335,0.48245427770909921,0.1046070973176101,0.063095644663992617,0.041511452653617477,0.48245427770909921,0.58457535243183134,0,completed_late18_improvement,0
92,primary_compact_physics,completed_late18_value_per_cost,p_frames_only,0.14999999999999999,3.6871086194878444e-05,0.15007730962504831,382.57512402462515,0.020215760277452761,0.005566922345436055,0.014648837932016706,0.72462463597547655,0.035515588448998006,0.016444812278527936,0.97978423972254713,0.99443307765456379,0.036248376947821924,0.016536871759449227,0.5437900079428829,0.1046070973176101,0.059630552016596193,0.044976545301013908,0.5437900079428829,0.63420732195917973,1,,0
93,primary_compact_physics,completed_late18_value_per_cost,p_frames_only,0.16500000000000001,3.511910472298041e-05,0.16505604947816002,410.57442181170001,0.020215760277452761,0.0051573169492385475,0.015058443328214214,0.74488632243078901,0.035515588448998006,0.015179208539294796,0.97978423972254713,0.9948426830507614,0.036248376947821924,0.015257898357101635,0.57907361261816592,0.1046070973176101,0.056369298072273151,0.04823779924533695,0.57907361261816592,0.66197996752447752,0,assignment_airtime,0
94,primary_compact_physics,completed_late18_value_per_cost,p_frames_only,0.17999999999999999,3.3185573556693271e-05,0.18003478933127173,448.64573639781645,0.020215760277452761,0.0046313006133659549,0.015584459664086807,0.7709064339009114,0.035515588448998006,0.012689058493893478,0.97978423972254713,0.99536869938663397,0.036248376947821924,0.012748098771553425,0.64831256334859355,0.1046070973176101,0.051933346875828609,0.052673750441781492,0.64831256334859355,0.70960949862475253,0,assignment_airtime,0
95,primary_compact_physics,completed_late18_value_per_cost,p_frames_only,0.20000000000000001,3.0875824450049549e-05,0.20003865481252417,504.19464620768622,0.020215760277452761,0.0041620903510994622,0.016053669926353299,0.79411655589616559,0.035515588448998006,0.012477231876549727,0.97978423972254713,0.9958379096489004,0.036248376947821924,0.012529380289357319,0.65434644681076737,0.1046070973176101,0.049640032633445352,0.054967064684164749,0.65434644681076737,0.72423150135346648,0,action_fraction+assignment_airtime,0
96,primary_compact_physics,balanced_normalized_value_per_cost,all_frames,0.050000000000000003,0.0015238582855090499,0.05005798221878624,115.28206896124087,0.020215760277452761,0.0088066704832791155,0.011409089794173646,0.56436610038844515,0.035515588448998006,0.025486310083809402,0.97978423972254713,0.99119332951672079,0.036248376947821924,0.025712753834043499,0.29065089256117671,0.1046070973176101,0.080809709771556687,0.023797387546053414,0.29065089256117671,0.42750849647481093,0,completed_late18_improvement,0
97,primary_compact_physics,balanced_normalized_value_per_cost,all_frames,0.074999999999999997,0.0012366008013486862,0.07508697332817936,180.49935975654125,0.020215760277452761,0.0069599931009344217,0.01325576717651834,0.65571450168524659,0.035515588448998006,0.023184090554718706,0.97978423972254713,0.99304000689906546,0.036248376947821924,0.023346582608604994,0.35592750422421787,0.1046070973176101,0.075489470617114349,0.029117626700495756,0.35592750422421787,0.5058210029547322,0,completed_late18_improvement,0
98,primary_compact_physics,balanced_normalized_value_per_cost,all_frames,0.10000000000000001,0.0010293289087712765,0.10001932740626208,233.19839718417745,0.020215760277452761,0.0059510129970329114,0.01426474728041985,0.70562507096652438,0.035515588448998006,0.021140612050556999,0.97978423972254713,0.99404898700296696,0.036248376947821924,0.021267173275127435,0.41329308879841231,0.1046070973176101,0.069641745228166213,0.034965352089443888,0.41329308879841231,0.55945907988246835,0,completed_late18_improvement,0
99,primary_compact_physics,balanced_normalized_value_per_cost,all_frames,0.125,0.00086395238758996129,0.1250483185156552,304.11414917304245,0.020215760277452761,0.0049830621618935245,0.015232698115559237,0.75350607182202878,0.035515588448998006,0.01962907393244108,0.97978423972254713,0.99501693783810641,0.036248376947821924,0.019727376676712226,0.45577213829162644,0.1046070973176101,0.064348813926057319,0.040258283391552789,0.45577213829162644,0.60463910505682761,0,completed_late18_improvement,0
100,primary_compact_physics,balanced_normalized_value_per_cost,all_frames,0.14999999999999999,0.00075728638330474496,0.15007730962504831,392.43634196336978,0.020215760277452761,0.0043575129274825326,0.015858247349970229,0.78444971311108214,0.035515588448998006,0.018800479254471692,0.97978423972254713,0.99564248707251735,0.036248376947821924,0.01888276113020312,0.47907292077148467,0.1046070973176101,0.060558632290809072,0.044048465026801029,0.47907292077148467,0.63176131694128346,0,completed_late18_improvement,0
101,primary_compact_physics,balanced_normalized_value_per_cost,all_frames,0.16500000000000001,0.00070882186992093921,0.16505604947816002,437.62822191565715,0.020215760277452761,0.0043337847691164479,0.015881975508336314,0.78562345864626981,0.035515588448998006,0.018197432204690479,0.97978423972254713,0.99566621523088339,0.036248376947821924,0.01827663922539614,0.49579427372142415,0.1046070973176101,0.058527778922450889,0.046079318395159212,0.49579427372142415,0.64070886618384693,0,assignment_airtime+completed_late18_improvement,0
102,primary_compact_physics,balanced_normalized_value_per_cost,all_frames,0.17999999999999999,0.00066147727193310857,0.18003478933127173,481.78208182221925,0.020215760277452761,0.00407273376845909,0.016143026508993671,0.79853670044744585,0.035515588448998006,0.015686018349440157,0.97978423972254713,0.99592726623154082,0.036248376947821924,0.015750164576569942,0.56549324679442425,0.1046070973176101,0.055652571826346517,0.048954525491263584,0.56549324679442425,0.68201497362093511,0,assignment_airtime,0
103,primary_compact_physics,balanced_normalized_value_per_cost,all_frames,0.20000000000000001,0.00060671346727758646,0.20003865481252417,536.22814221277451,0.020215760277452761,0.0032754529417992582,0.016940307335653503,0.83797527786019166,0.035515588448998006,0.014529298860962263,0.97978423972254713,0.99672454705820068,0.036248376947821924,0.014577045286829751,0.59785660726788348,0.1046070973176101,0.051914655075415837,0.052692442242194264,0.59785660726788348,0.71791594256403757,0,action_fraction+assignment_airtime,0
104,primary_compact_physics,balanced_normalized_value_per_cost,p_frames_only,0.050000000000000003,0.0015238190535455942,0.05005798221878624,114.62255886494312,0.020215760277452761,0.0089072687904247026,0.011308491487028059,0.55938986868778595,0.035515588448998006,0.02548262303827304,0.97978423972254713,0.9910927312095752,0.036248376947821924,0.025711643558492123,0.29068152222365717,0.1046070973176101,0.080874749814057859,0.023732347503552246,0.29068152222365717,0.42503569545572156,0,completed_late18_improvement,0
105,primary_compact_physics,balanced_normalized_value_per_cost,p_frames_only,0.074999999999999997,0.0012343077687546611,0.07508697332817936,179.28583062260333,0.020215760277452761,0.0071637178747936004,0.013052042402659161,0.64563697944204912,0.035515588448998006,0.023180444111425877,0.97978423972254713,0.99283628212520625,0.036248376947821924,0.0233477004504783,0.35589666582626933,0.1046070973176101,0.075522631160469533,0.029084466157140564,0.35589666582626933,0.50076682263415928,0,completed_late18_improvement,0
106,primary_compact_physics,balanced_normalized_value_per_cost,p_frames_only,0.10000000000000001,0.0010250271297991276,0.10001932740626208,230.38313505169927,0.020215760277452761,0.0061454419018554009,0.014070318375597361,0.69600738149286445,0.035515588448998006,0.021439807516247047,0.97978423972254713,0.99385455809814449,0.036248376947821924,0.021572379320043161,0.40487323470797792,0.1046070973176101,0.069893064969890964,0.034714032347719137,0.40487323470797792,0.55044030810042122,0,completed_late18_improvement,0
107,primary_compact_physics,balanced_normalized_value_per_cost,p_frames_only,0.125,0.00086142582586035132,0.1250483185156552,303.89438926663303,0.020215760277452761,0.0051838353741438161,0.015031924903308945,0.74357455257690697,0.035515588448998006,0.019895638774610369,0.97978423972254713,0.99481616462585609,0.036248376947821924,0.019999311915174789,0.44827014064759391,0.1046070973176101,0.064882041514405936,0.039725055803204165,0.44827014064759391,0.59592234661225041,0,completed_late18_improvement,0
108,primary_compact_physics,balanced_normalized_value_per_cost,p_frames_only,0.14999999999999999,0.00075500941602513194,0.15007730962504831,384.16849907989848,0.020215760277452761,0.0045928034481430829,0.015622956829309679,0.7728107483909189,0.035515588448998006,0.018212575475626016,0.97978423972254713,0.99540719655185683,0.036248376947821924,0.018296608200860251,0.49524338076715874,0.1046070973176101,0.060595780194722858,0.044011317122887243,0.49524338076715874,0.63402706457903879,0,completed_late18_improvement,0
109,primary_compact_physics,balanced_normalized_value_per_cost,p_frames_only,0.16500000000000001,0.00070420751580968499,0.16505604947816002,427.15518140881409,0.020215760277452761,0.0045631199955658876,0.015652640281886874,0.77427908063120088,0.035515588448998006,0.016595787101208397,0.97978423972254713,0.99543688000443398,0.036248376947821924,0.01667186281176811,0.54006595010401204,0.1046070973176101,0.057694003278283466,0.046913094039326635,0.54006595010401204,0.65717251536760646,0,assignment_airtime,0
110,primary_compact_physics,balanced_normalized_value_per_cost,p_frames_only,0.17999999999999999,0.00065867084776982665,0.18003478933127173,472.35626635814384,0.020215760277452761,0.004309845342842844,0.015905914934609917,0.78680765483503767,0.035515588448998006,0.014183752393237839,0.97978423972254713,0.99569015465715704,0.036248376947821924,0.014245146772714335,0.60701283830667363,0.1046070973176101,0.054946234348482469,0.049660862969127632,0.60701283830667363,0.69691024657085565,0,assignment_airtime,0
111,primary_compact_physics,balanced_normalized_value_per_cost,p_frames_only,0.20000000000000001,0.00060013041365891695,0.20003865481252417,524.25332837425105,0.020215760277452761,0.0038068463867247,0.016408913890728061,0.8116891803979992,0.035515588448998006,0.01313229130099014,0.97978423972254713,0.99619315361327521,0.036248376947821924,0.013182474958152673,0.63632923545436759,0.1046070973176101,0.051608019937848998,0.052999077379761103,0.63632923545436759,0.7240092079261834,0,action_fraction+assignment_airtime,0
112,primary_compact_physics,legacy_bad12_value_per_cost,all_frames,0.050000000000000003,0.00015117919247131795,0.05005798221878624,108.24246299467731,0.020215760277452761,0.009473706183749056,0.010742054093703705,0.53137027478925136,0.035515588448998006,0.025063486796037881,0.97978423972254713,0.99052629381625079,0.036248376947821924,0.025303201896311623,0.3019493829272808,0.1046070973176101,0.079909623002518707,0.024697474315091398,0.3019493829272808,0.41665982885826608,0,completed_late18_improvement,0
113,primary_compact_physics,legacy_bad12_value_per_cost,all_frames,0.074999999999999997,0.00013108811981510371,0.07508697332817936,178.2919444444785,0.020215760277452761,0.0077934834671718189,0.012422276810280942,0.61448477028765902,0.035515588448998006,0.022819711698075437,0.97978423972254713,0.9922065165328281,0.036248376947821924,0.022998953663211932,0.36551769762497233,0.1046070973176101,0.073369060121838095,0.031238037195772009,0.36551769762497233,0.49000123395631567,0,completed_late18_improvement,0
114,primary_compact_physics,legacy_bad12_value_per_cost,all_frames,0.10000000000000001,0.00011482358968351036,0.10001932740626208,254.22250936793634,0.020215760277452761,0.0061118065570079528,0.014103953720444809,0.6976711994440975,0.035515588448998006,0.020872042502960576,0.97978423972254713,0.99388819344299195,0.036248376947821924,0.021000392841629793,0.42065287855897626,0.1046070973176101,0.06861791927124021,0.035989178046369891,0.42065287855897626,0.55916203900153683,0,completed_late18_improvement,0
115,primary_compact_physics,legacy_bad12_value_per_cost,all_frames,0.125,0.00010792471584863961,0.1250483185156552,321.74814182002189,0.020215760277452761,0.0053968596137632802,0.014818900663689481,0.73303701964736112,0.035515588448998006,0.019108491783350542,0.97978423972254713,0.99460314038623665,0.036248376947821924,0.019212177206609359,0.46998517383924493,0.1046070973176101,0.064095147478867409,0.040511949838742692,0.46998517383924493,0.60151109674330305,0,completed_late18_improvement,0
116,primary_compact_physics,legacy_bad12_value_per_cost,all_frames,0.14999999999999999,9.8355179943609983e-05,0.15007730962504831,371.76429718019079,0.020215760277452761,0.0047300013570692311,0.01548575892038353,0.76602406774952003,0.035515588448998006,0.01658117810717713,0.97978423972254713,0.99526999864293064,0.036248376947821924,0.016659979834402604,0.54039377105397102,0.1046070973176101,0.058664040343963282,0.045943056973646819,0.54039377105397102,0.65320891940174552,1,,0
117,primary_compact_physics,legacy_bad12_value_per_cost,all_frames,0.16500000000000001,9.1992835223209113e-05,0.16505604947816002,408.08288592453829,0.020215760277452761,0.0039808036774510204,0.016234956600001741,0.80308414708048703,0.035515588448998006,0.014741428660930037,0.97978423972254713,0.99601919632254887,0.036248376947821924,0.014800345932445466,0.59169631363771213,0.1046070973176101,0.054956779809030236,0.049650317508579865,0.59169631363771213,0.69739023035909953,0,assignment_airtime,0
118,primary_compact_physics,legacy_bad12_value_per_cost,all_frames,0.17999999999999999,8.7212916696444154e-05,0.18003478933127173,444.70935844811282,0.020215760277452761,0.003759700493221968,0.016456059784230793,0.81402131596231508,0.035515588448998006,0.01386366145496885,0.97978423972254713,0.99624029950677795,0.036248376947821924,0.013915981377015685,0.61609366959940914,0.1046070973176101,0.052180650283848357,0.052426447033761744,0.61609366959940914,0.71505749278086217,0,assignment_airtime,0
119,primary_compact_physics,legacy_bad12_value_per_cost,all_frames,0.20000000000000001,8.0917467130348086e-05,0.20003865481252417,487.51235088805817,0.020215760277452761,0.0035592973703306753,0.016656462907122086,0.82393452823535573,0.035515588448998006,0.01283832900710926,0.97978423972254713,0.99644070262966922,0.036248376947821924,0.012884187662374799,0.6445582189536081,0.1046070973176101,0.049303200493132783,0.055303896824477318,0.6445582189536081,0.73424637359448197,0,action_fraction+assignment_airtime,0
120,primary_compact_physics,legacy_bad12_value_per_cost,p_frames_only,0.050000000000000003,0.00015117919247131795,0.05005798221878624,108.24246299467731,0.020215760277452761,0.009473706183749056,0.010742054093703705,0.53137027478925136,0.035515588448998006,0.025063486796037881,0.97978423972254713,0.99052629381625079,0.036248376947821924,0.025303201896311623,0.3019493829272808,0.1046070973176101,0.079909623002518707,0.024697474315091398,0.3019493829272808,0.41665982885826608,0,completed_late18_improvement,0
121,primary_compact_physics,legacy_bad12_value_per_cost,p_frames_only,0.074999999999999997,0.00013108811981510371,0.07508697332817936,178.2919444444785,0.020215760277452761,0.0077934834671718189,0.012422276810280942,0.61448477028765902,0.035515588448998006,0.022819711698075437,0.97978423972254713,0.9922065165328281,0.036248376947821924,0.022998953663211932,0.36551769762497233,0.1046070973176101,0.073369060121838095,0.031238037195772009,0.36551769762497233,0.49000123395631567,0,completed_late18_improvement,0
122,primary_compact_physics,legacy_bad12_value_per_cost,p_frames_only,0.10000000000000001,0.00011482358968351036,0.10001932740626208,254.22250936793634,0.020215760277452761,0.0061118065570079528,0.014103953720444809,0.6976711994440975,0.035515588448998006,0.020872042502960576,0.97978423972254713,0.99388819344299195,0.036248376947821924,0.021000392841629793,0.42065287855897626,0.1046070973176101,0.06861791927124021,0.035989178046369891,0.42065287855897626,0.55916203900153683,0,completed_late18_improvement,0
123,primary_compact_physics,legacy_bad12_value_per_cost,p_frames_only,0.125,0.00010792471584863961,0.1250483185156552,321.74814182002189,0.020215760277452761,0.0053968596137632802,0.014818900663689481,0.73303701964736112,0.035515588448998006,0.019108491783350542,0.97978423972254713,0.99460314038623665,0.036248376947821924,0.019212177206609359,0.46998517383924493,0.1046070973176101,0.064095147478867409,0.040511949838742692,0.46998517383924493,0.60151109674330305,0,completed_late18_improvement,0
124,primary_compact_physics,legacy_bad12_value_per_cost,p_frames_only,0.14999999999999999,9.8355179943609983e-05,0.15007730962504831,371.76429718019079,0.020215760277452761,0.0047300013570692311,0.01548575892038353,0.76602406774952003,0.035515588448998006,0.01658117810717713,0.97978423972254713,0.99526999864293064,0.036248376947821924,0.016659979834402604,0.54039377105397102,0.1046070973176101,0.058664040343963282,0.045943056973646819,0.54039377105397102,0.65320891940174552,1,,0
125,primary_compact_physics,legacy_bad12_value_per_cost,p_frames_only,0.16500000000000001,9.1951078502461314e-05,0.16505604947816002,407.50237293610121,0.020215760277452761,0.0040827447309108068,0.016133015546541955,0.79804149461227969,0.035515588448998006,0.014740220320233519,0.97978423972254713,0.99591725526908914,0.036248376947821924,0.014800647586180063,0.59168799178277698,0.1046070973176101,0.055027273376035302,0.049579823941574799,0.59168799178277698,0.69486474319752833,0,assignment_airtime,0
126,primary_compact_physics,legacy_bad12_value_per_cost,p_frames_only,0.17999999999999999,8.7154687207657844e-05,0.18003478933127173,443.60844315481211,0.020215760277452761,0.0038585056784617051,0.016357254598991056,0.8091337834686726,0.035515588448998006,0.013966607936006559,0.97978423972254713,0.9961414943215382,0.036248376947821924,0.014020706913247373,0.61320455993299738,0.1046070973176101,0.052322438284827806,0.052284659032782295,0.61320455993299738,0.71116917170083505,0,assignment_airtime,0
127,primary_compact_physics,legacy_bad12_value_per_cost,p_frames_only,0.20000000000000001,8.0833131505642086e-05,0.20003865481252417,485.88503790184512,0.020215760277452761,0.003655459274982252,0.016560301002470509,0.81917774920098874,0.035515588448998006,0.013040071917752149,0.97978423972254713,0.99634454072501766,0.036248376947821924,0.013087914255306884,0.63893792336836464,0.1046070973176101,0.049525781788030888,0.055081315529579213,0.63893792336836464,0.72905783628467669,0,action_fraction+assignment_airtime,0
128,primary_compact_physics_temporal,deadline_value_per_cost,all_frames,0.050000000000000003,5.5847816838650033e-05,0.05005798221878624,113.58307472763994,0.020215760277452761,0.0080487208443210233,0.012167039433131738,0.60185910725811287,0.035515588448998006,0.024466363917525071,0.97978423972254713,0.99195127915567882,0.036248376947821924,0.024664884689044562,0.31955892191949259,0.1046070973176101,0.077701588149060696,0.026905509168549401,0.31955892191949259,0.46070901458880276,0,completed_late18_improvement,0
129,primary_compact_physics_temporal,deadline_value_per_cost,all_frames,0.074999999999999997,3.364096482982859e-05,0.07508697332817936,185.76778333491501,0.020215760277452761,0.0055779167476802793,0.014637843529772482,0.72408078295717149,0.035515588448998006,0.023029287618441148,0.97978423972254713,0.99442208325231962,0.036248376947821924,0.023158463600408411,0.36111722646936484,0.1046070973176101,0.073117441878144451,0.03148965543946565,0.36111722646936484,0.54259900471326816,0,completed_late18_improvement,0
130,primary_compact_physics_temporal,deadline_value_per_cost,all_frames,0.10000000000000001,2.4122484319377691e-05,0.10001932740626208,272.197358063119,0.020215760277452761,0.0042718164616546012,0.01594394381579816,0.78868880502015626,0.035515588448998006,0.020897516920035761,0.97978423972254713,0.99572818353834525,0.036248376947821924,0.020987170259433561,0.42101765577962991,0.1046070973176101,0.066816388660756426,0.037790708656853682,0.42101765577962991,0.60485323039989303,0,completed_late18_improvement,0
131,primary_compact_physics_temporal,deadline_value_per_cost,all_frames,0.125,1.9163542674505152e-05,0.1250483185156552,352.06284967297501,0.020215760277452761,0.0033946679245904776,0.016821092352862284,0.83207814704962391,0.035515588448998006,0.018417334398185548,0.97978423972254713,0.99660533207540936,0.036248376947821924,0.018480068092583693,0.49018219162791743,0.1046070973176101,0.061550425427792856,0.043056671889817245,0.49018219162791743,0.66113016933877067,0,completed_late18_improvement,0
132,primary_compact_physics_temporal,deadline_value_per_cost,all_frames,0.14999999999999999,1.4651391211373266e-05,0.15007730962504831,419.22210614151498,0.020215760277452761,0.0024715300275152639,0.017744230249937498,0.87774241514568041,0.035515588448998006,0.016712343521683035,0.97978423972254713,0.99752846997248468,0.036248376947821924,0.016753750920155713,0.53780686665579369,0.1046070973176101,0.057002182711541581,0.04760491460606852,0.53780686665579369,0.70777464090073705,0,assignment_airtime,0
133,primary_compact_physics_temporal,deadline_value_per_cost,all_frames,0.16500000000000001,1.2535015230241697e-05,0.16505604947816002,454.34735227765481,0.020215760277452761,0.002246296565223644,0.017969463712229117,0.88888389383361432,0.035515588448998006,0.015614643575914171,0.97978423972254713,0.99775370343477621,0.036248376947821924,0.01564979766265023,0.5682621132202007,0.1046070973176101,0.053570704542201864,0.051036392775408237,0.5682621132202007,0.72857300352690757,0,assignment_airtime,0
134,primary_compact_physics_temporal,deadline_value_per_cost,all_frames,0.17999999999999999,1.093641640181886e-05,0.18003478933127173,490.41720794701649,0.020215760277452761,0.0020516666535927743,0.018164093623859987,0.89851152638166876,0.035515588448998006,0.014415539314081804,0.97978423972254713,0.99794833334640709,0.036248376947821924,0.014445175999986256,0.60149454358247523,0.1046070973176101,0.050850311782182953,0.053756785535427148,0.60149454358247523,0.75000303498207199,0,assignment_airtime,0
135,primary_compact_physics_temporal,deadline_value_per_cost,all_frames,0.20000000000000001,9.3647604444413446e-06,0.20003865481252417,545.15698901087785,0.020215760277452761,0.0018886667032673374,0.018327093574185424,0.90657453999522231,0.035515588448998006,0.012791674522557691,0.97978423972254713,0.99811133329673252,0.036248376947821924,0.012815879447342977,0.64644266788024973,0.1046070973176101,0.047973611788364144,0.056633485529245957,0.64644266788024973,0.77650860393773602,0,action_fraction+assignment_airtime,0
136,primary_compact_physics_temporal,deadline_value_per_cost,p_frames_only,0.050000000000000003,5.5808646720834076e-05,0.05005798221878624,112.37225764147509,0.020215760277452761,0.0082520282928096114,0.01196373198464315,0.59180222858037435,0.035515588448998006,0.024354587563669386,0.97978423972254713,0.99174797170719031,0.036248376947821924,0.024557234558035459,0.32252871367497071,0.1046070973176101,0.077727002432257011,0.026880094885353093,0.32252871367497071,0.45716547112767253,0,completed_late18_improvement,0
137,primary_compact_physics_temporal,deadline_value_per_cost,p_frames_only,0.074999999999999997,3.2966978324111551e-05,0.07508697332817936,174.27116880979838,0.020215760277452761,0.0060575803959795078,0.014158179881473254,0.70035357004427345,0.035515588448998006,0.021408682999873183,0.97978423972254713,0.99394241960402041,0.036248376947821924,0.021539158182223725,0.40578972092382304,0.1046070973176101,0.071510337635975585,0.033096759681634523,0.40578972092382304,0.5530716454840483,0,completed_late18_improvement,0
138,primary_compact_physics_temporal,deadline_value_per_cost,p_frames_only,0.10000000000000001,2.3618344130227342e-05,0.10001932740626208,259.52502234082118,0.020215760277452761,0.0047274736999712314,0.01548828657748153,0.7661491017360389,0.035515588448998006,0.019224940892234862,0.97978423972254713,0.9952725263000286,0.036248376947821924,0.019316257993882806,0.46711385114738296,0.1046070973176101,0.065159991468156542,0.039447105849453566,0.46711385114738296,0.6166314764417109,0,completed_late18_improvement,0
139,primary_compact_physics_temporal,deadline_value_per_cost,p_frames_only,0.125,1.8532316971686669e-05,0.1250483185156552,333.52373610041201,0.020215760277452761,0.0040727762420123027,0.016142984035440459,0.79853459943553096,0.035515588448998006,0.017179641572904508,0.97978423972254713,0.99592722375798759,0.036248376947821924,0.017249896541716783,0.52411947805146386,0.1046070973176101,0.060465891146960493,0.044141206170649608,0.52411947805146386,0.66132703874349741,1,,0
140,primary_compact_physics_temporal,deadline_value_per_cost,p_frames_only,0.14999999999999999,1.4209219443728216e-05,0.15007730962504831,394.30739216341124,0.020215760277452761,0.0032421138751993692,0.016973646402253392,0.83962444000607805,0.035515588448998006,0.015275564712296501,0.97978423972254713,0.99675788612480054,0.036248376947821924,0.015325250920948221,0.5772155276632579,0.1046070973176101,0.055695066781483712,0.048912030536126389,0.5772155276632579,0.70841998383466798,1,,0
141,primary_compact_physics_temporal,deadline_value_per_cost,p_frames_only,0.16500000000000001,1.2176851669210009e-05,0.16505604947816002,428.60900931256674,0.020215760277452761,0.0030027408781093425,0.017213019399343419,0.85146534995973466,0.035515588448998006,0.014049468096304238,0.97978423972254713,0.99699725912189052,0.036248376947821924,0.014091782066360308,0.61124377826226917,0.1046070973176101,0.052072094251630618,0.052535003065979483,0.61124377826226917,0.73135456411100197,0,assignment_airtime,0
142,primary_compact_physics_temporal,deadline_value_per_cost,p_frames_only,0.17999999999999999,1.0739498065959197e-05,0.18003478933127173,466.37471374166699,0.020215760277452761,0.002829501406862011,0.01738625887059075,0.86003487536316714,0.035515588448998006,0.012909518598698443,0.97978423972254713,0.99717049859313789,0.036248376947821924,0.012946149747622789,0.64284884351489036,0.1046070973176101,0.049166467007137886,0.055440630310472215,0.64284884351489036,0.75144185943902875,0,assignment_airtime,0
143,primary_compact_physics_temporal,deadline_value_per_cost,p_frames_only,0.20000000000000001,9.0805515355896205e-06,0.20003865481252417,519.5710413228785,0.020215760277452761,0.0026426286251378037,0.017573131652314958,0.86927879095968474,0.035515588448998006,0.011702048906362117,0.97978423972254713,0.99735737137486213,0.036248376947821924,0.011733055013400847,0.67631502424811718,0.1046070973176101,0.047102367308345328,0.057504730009264773,0.67631502424811718,0.77279690760390096,0,action_fraction+assignment_airtime,0
144,primary_compact_physics_temporal,completed_late18_value_per_cost,all_frames,0.050000000000000003,7.0334259362425655e-05,0.05005798221878624,114.5591569770133,0.020215760277452761,0.0098078776288916553,0.010407882648561106,0.51484003103110232,0.035515588448998006,0.024240149425030028,0.97978423972254713,0.99019212237110821,0.036248376947821924,0.024480248708689693,0.32465255633574924,0.1046070973176101,0.079177195401656075,0.025429901915954022,0.32465255633574924,0.41974629368342575,0,completed_late18_improvement,0
145,primary_compact_physics_temporal,completed_late18_value_per_cost,all_frames,0.074999999999999997,5.2747931476915255e-05,0.07508697332817936,175.78107488010855,0.020215760277452761,0.0080131362905679071,0.012202623986884854,0.60361934547150342,0.035515588448998006,0.021010667163528465,0.97978423972254713,0.99198686370943201,0.036248376947821924,0.021180388503292527,0.41568725866593031,0.1046070973176101,0.07110609478169419,0.033501002535915918,0.41568725866593031,0.50965330206871684,0,completed_late18_improvement,0
146,primary_compact_physics_temporal,completed_late18_value_per_cost,all_frames,0.10000000000000001,4.2286264942958951e-05,0.10001932740626208,243.70510033961182,0.020215760277452761,0.0067525154139707905,0.013463244863481971,0.66597766686509086,0.035515588448998006,0.017161057825931254,0.97978423972254713,0.99324748458602907,0.036248376947821924,0.017277725936636758,0.52335173623063602,0.1046070973176101,0.062941259345693473,0.041665837971916628,0.52335173623063602,0.59466470154786344,1,,0
147,primary_compact_physics_temporal,completed_late18_value_per_cost,all_frames,0.125,3.522478073136881e-05,0.1250483185156552,319.37042306769547,0.020215760277452761,0.0054546132456955096,0.014761147031757252,0.73018015791475321,0.035515588448998006,0.0153876471102436,0.97978423972254713,0.99454538675430437,0.036248376947821924,0.015472041110623554,0.5731659618058228,0.1046070973176101,0.058730087542663734,0.045877009774946367,0.5731659618058228,0.65167305986028801,1,,0
148,primary_compact_physics_temporal,completed_late18_value_per_cost,all_frames,0.14999999999999999,3.0317492928588763e-05,0.15007730962504831,393.38624350510241,0.020215760277452761,0.0035900778422675375,0.016625682435185224,0.82241193044460181,0.035515588448998006,0.014972663390296959,0.97978423972254713,0.99640992215773239,0.036248376947821924,0.015026610090226275,0.58545426428729563,0.1046070973176101,0.05256402294956275,0.052043074368047351,0.58545426428729563,0.70393309736594878,1,,0
149,primary_compact_physics_temporal,completed_late18_value_per_cost,all_frames,0.16500000000000001,2.7250194762018509e-05,0.16505604947816002,431.12329208400735,0.020215760277452761,0.0028581676371090686,0.017357592640343693,0.85861686140506588,0.035515588448998006,0.01342391628387897,0.97978423972254713,0.99714183236289078,0.036248376947821924,0.013462394062907584,0.6286069833613197,0.1046070973176101,0.048903878500040202,0.055703218817569899,0.6286069833613197,0.74361192238319274,0,assignment_airtime,0
150,primary_compact_physics_temporal,completed_late18_value_per_cost,all_frames,0.17999999999999999,2.474720349709969e-05,0.18003478933127173,469.20942868569443,0.020215760277452761,0.0027128497296353658,0.017502910547817396,0.86580520878746825,0.035515588448998006,0.013201340930443232,0.97978423972254713,0.99728715027036452,0.036248376947821924,0.013237251604880649,0.63481808788473093,0.1046070973176101,0.046627436264962338,0.057979661052647763,0.63481808788473093,0.75031164833609965,0,assignment_airtime,0
151,primary_compact_physics_temporal,completed_late18_value_per_cost,all_frames,0.20000000000000001,2.190321174566634e-05,0.20003865481252417,525.17688772007227,0.020215760277452761,0.0025510268057091397,0.017664733471743622,0.87380999919382818,0.035515588448998006,0.011939627554929687,0.97978423972254713,0.99744897319429071,0.036248376947821924,0.011970163763559256,0.66977380033346534,0.1046070973176101,0.04457187149521414,0.060035225822395961,0.66977380033346534,0.77179189976364682,0,action_fraction+assignment_airtime,0
152,primary_compact_physics_temporal,completed_late18_value_per_cost,p_frames_only,0.050000000000000003,7.0334259362425655e-05,0.05005798221878624,114.5591569770133,0.020215760277452761,0.0098078776288916553,0.010407882648561106,0.51484003103110232,0.035515588448998006,0.024240149425030028,0.97978423972254713,0.99019212237110821,0.036248376947821924,0.024480248708689693,0.32465255633574924,0.1046070973176101,0.079177195401656075,0.025429901915954022,0.32465255633574924,0.41974629368342575,0,completed_late18_improvement,0
153,primary_compact_physics_temporal,completed_late18_value_per_cost,p_frames_only,0.074999999999999997,5.2747931476915255e-05,0.07508697332817936,175.78107488010855,0.020215760277452761,0.0080131362905679071,0.012202623986884854,0.60361934547150342,0.035515588448998006,0.021010667163528465,0.97978423972254713,0.99198686370943201,0.036248376947821924,0.021180388503292527,0.41568725866593031,0.1046070973176101,0.07110609478169419,0.033501002535915918,0.41568725866593031,0.50965330206871684,0,completed_late18_improvement,0
154,primary_compact_physics_temporal,completed_late18_value_per_cost,p_frames_only,0.10000000000000001,4.2286264942958951e-05,0.10001932740626208,243.70510033961182,0.020215760277452761,0.0067525154139707905,0.013463244863481971,0.66597766686509086,0.035515588448998006,0.017161057825931254,0.97978423972254713,0.99324748458602907,0.036248376947821924,0.017277725936636758,0.52335173623063602,0.1046070973176101,0.062941259345693473,0.041665837971916628,0.52335173623063602,0.59466470154786344,1,,0
155,primary_compact_physics_temporal,completed_late18_value_per_cost,p_frames_only,0.125,3.5178512916900218e-05,0.1250483185156552,318.06230782958795,0.020215760277452761,0.0054668967593848056,0.014748863518067956,0.72957253725044424,0.035515588448998006,0.015478690101084974,0.97978423972254713,0.99453310324061506,0.036248376947821924,0.015563775655781358,0.57063524035338786,0.1046070973176101,0.05787730845394886,0.046729788863661241,0.57063524035338786,0.65010388880191605,1,,0
156,primary_compact_physics_temporal,completed_late18_value_per_cost,p_frames_only,0.14999999999999999,3.0013388823135756e-05,0.15007730962504831,380.80103285573563,0.020215760277452761,0.0041108033746764666,0.016104956902776295,0.79665353574352737,0.035515588448998006,0.014365981748788989,0.97978423972254713,0.99588919662532338,0.036248376947821924,0.014425281243605863,0.60204338902206644,0.1046070973176101,0.051622059088944287,0.052985038228665814,0.60204338902206644,0.69934846238279691,1,,0
157,primary_compact_physics_temporal,completed_late18_value_per_cost,p_frames_only,0.16500000000000001,2.6947487640427426e-05,0.16505604947816002,418.48787089740915,0.020215760277452761,0.0034768391280772352,0.016738921149375526,0.82801343702343677,0.035515588448998006,0.012940149898209945,0.97978423972254713,0.99652316087192261,0.036248376947821924,0.012985297689305857,0.64176885194066291,0.1046070973176101,0.048077960569596026,0.056529136748014075,0.64176885194066291,0.73489114448204984,0,assignment_airtime,0
158,primary_compact_physics_temporal,completed_late18_value_per_cost,p_frames_only,0.17999999999999999,2.4245826352853328e-05,0.18003478933127173,453.21058566025488,0.020215760277452761,0.0034028829061700169,0.016812877371282745,0.83167178184412127,0.035515588448998006,0.01228740055011111,0.97978423972254713,0.99659711709382992,0.036248376947821924,0.012329355904562835,0.65986460794339996,0.1046070973176101,0.046195502989437663,0.058411594328172438,0.65986460794339996,0.74576819489376067,0,assignment_airtime,0
159,primary_compact_physics_temporal,completed_late18_value_per_cost,p_frames_only,0.20000000000000001,2.1389432731666602e-05,0.20003865481252417,499.45101179813537,0.020215760277452761,0.0032155263166800119,0.01700023396077275,0.84093962964794433,0.035515588448998006,0.011219299177628733,0.97978423972254713,0.9967844736833199,0.036248376947821924,0.01125549150677594,0.689489779832687,0.1046070973176101,0.045439435126234246,0.059167662191375855,0.689489779832687,0.76521470474031572,0,action_fraction+assignment_airtime,0
160,primary_compact_physics_temporal,balanced_normalized_value_per_cost,all_frames,0.050000000000000003,0.0016618615482002497,0.05005798221878624,108.10217290400962,0.020215760277452761,0.0086291316023801891,0.011586628675072572,0.57314830192142141,0.035515588448998006,0.024037547869363209,0.97978423972254713,0.99137086839761968,0.036248376947821924,0.024246776494669213,0.33109345752027824,0.1046070973176101,0.07679635582930025,0.027810741488309844,0.33109345752027824,0.4521208797208498,0,completed_late18_improvement,0
161,primary_compact_physics_temporal,balanced_normalized_value_per_cost,all_frames,0.074999999999999997,0.0011907698353752494,0.07508697332817936,178.71449725320346,0.020215760277452761,0.0058809140853705536,0.014334846192082208,0.70909260870442192,0.035515588448998006,0.020888458067682192,0.97978423972254713,0.99411908591462939,0.036248376947821924,0.021012027999104326,0.42033189432590889,0.1046070973176101,0.070102119501993132,0.034504977815616962,0.42033189432590889,0.56471225151516546,0,completed_late18_improvement,0
162,primary_compact_physics_temporal,balanced_normalized_value_per_cost,all_frames,0.10000000000000001,0.00090819597244262695,0.10001932740626208,257.55022560742526,0.020215760277452761,0.004386988414120465,0.015828771863332296,0.78299166818804222,0.035515588448998006,0.020097642851297365,0.97978423972254713,0.99561301158587945,0.036248376947821924,0.020186199474517198,0.44311439092640154,0.1046070973176101,0.065194786161968624,0.039412311155641477,0.44311439092640154,0.61305302955722185,0,completed_late18_improvement,0
163,primary_compact_physics_temporal,balanced_normalized_value_per_cost,all_frames,0.125,0.0007352273678407073,0.1250483185156552,332.45944678953339,0.020215760277452761,0.0033082157788831279,0.016907544498569634,0.83635461968883362,0.035515588448998006,0.017804529923122713,0.97978423972254713,0.99669178422111682,0.036248376947821924,0.017863626654689838,0.50718823409931413,0.1046070973176101,0.059853466768503082,0.044753630549107019,0.50718823409931413,0.67177142689407388,1,,0
164,primary_compact_physics_temporal,balanced_normalized_value_per_cost,all_frames,0.14999999999999999,0.00059679476544260979,0.15007730962504831,406.48222323014659,0.020215760277452761,0.0023872588973176019,0.01782850138013516,0.88191100089467411,0.035515588448998006,0.015486405073550629,0.97978423972254713,0.99761274110268228,0.036248376947821924,0.015523463600147268,0.57174734685382833,0.1046070973176101,0.053812647323352468,0.050794449994257633,0.57174734685382833,0.72682917387425117,0,assignment_airtime,0
165,primary_compact_physics_temporal,balanced_normalized_value_per_cost,all_frames,0.16500000000000001,0.00053002021741122007,0.16505604947816002,450.5027483013501,0.020215760277452761,0.0021757527854681449,0.018040007491984617,0.89237343757509691,0.035515588448998006,0.014398235279259555,0.97978423972254713,0.99782424721453178,0.036248376947821924,0.014429630588205121,0.60192340172979353,0.1046070973176101,0.051651947594722206,0.052955149722887895,0.60192340172979353,0.74714841965244516,0,assignment_airtime,0
166,primary_compact_physics_temporal,balanced_normalized_value_per_cost,all_frames,0.17999999999999999,0.00047348826774396002,0.18003478933127173,489.21751951474238,0.020215760277452761,0.0020109395732160369,0.018204820704236725,0.90052614664911235,0.035515588448998006,0.013301865384044521,0.97978423972254713,0.99798906042678381,0.036248376947821924,0.013328668531051895,0.63229612872769514,0.1046070973176101,0.048824424591928692,0.055782672725681409,0.63229612872769514,0.76641113768840374,0,assignment_airtime,0
167,primary_compact_physics_temporal,balanced_normalized_value_per_cost,all_frames,0.20000000000000001,0.0004109677392989397,0.20003865481252417,538.04540927955043,0.020215760277452761,0.0016857937421587213,0.01852996653529404,0.91660992616543158,0.035515588448998006,0.01237419648287166,0.97978423972254713,0.99831420625784117,0.036248376947821924,0.012395092051485536,0.65805111579677711,0.1046070973176101,0.045891175705415788,0.058715921612194313,0.65805111579677711,0.78733052098110434,0,action_fraction+assignment_airtime,0
168,primary_compact_physics_temporal,balanced_normalized_value_per_cost,p_frames_only,0.050000000000000003,0.0016618615482002497,0.05005798221878624,108.10217290400962,0.020215760277452761,0.0086291316023801891,0.011586628675072572,0.57314830192142141,0.035515588448998006,0.024037547869363209,0.97978423972254713,0.99137086839761968,0.036248376947821924,0.024246776494669213,0.33109345752027824,0.1046070973176101,0.07679635582930025,0.027810741488309844,0.33109345752027824,0.4521208797208498,0,completed_late18_improvement,0
169,primary_compact_physics_temporal,balanced_normalized_value_per_cost,p_frames_only,0.074999999999999997,0.0011870833113789558,0.07508697332817936,176.96911135775835,0.020215760277452761,0.0060819390192972233,0.014133821258155538,0.69914863770517743,0.035515588448998006,0.020983670279669214,0.97978423972254713,0.99391806098070268,0.036248376947821924,0.021112072617902274,0.41757191919814091,0.1046070973176101,0.069999002525037296,0.034608094792572805,0.41757191919814091,0.55836027845165914,0,completed_late18_improvement,0
170,primary_compact_physics_temporal,balanced_normalized_value_per_cost,p_frames_only,0.10000000000000001,0.00089978345204144716,0.10001932740626208,244.53504874977156,0.020215760277452761,0.0050757296752804264,0.015140030602172335,0.74892214759088038,0.035515588448998006,0.018152263879345518,0.97978423972254713,0.99492427032471942,0.036248376947821924,0.018244869906953877,0.49667070795427254,0.1046070973176101,0.063609948562937835,0.040997148754672266,0.49667070795427254,0.62279642777257649,0,completed_late18_improvement,0
171,primary_compact_physics_temporal,balanced_normalized_value_per_cost,p_frames_only,0.125,0.00072581914719194174,0.1250483185156552,318.44787688371616,0.020215760277452761,0.0039992325866856394,0.016216527690767122,0.80217253609075967,0.035515588448998006,0.01607426074188267,0.97978423972254713,0.99600076741331423,0.036248376947821924,0.016138803571034071,0.55477169103970569,0.1046070973176101,0.058322501969272779,0.046284595348337322,0.55477169103970569,0.67847211356523274,1,,0
172,primary_compact_physics_temporal,balanced_normalized_value_per_cost,p_frames_only,0.14999999999999999,0.00058959965826943517,0.15007730962504831,391.26177061653243,0.020215760277452761,0.0030671743356428839,0.017148585941809878,0.84827806159416153,0.035515588448998006,0.014195064187657806,0.97978423972254713,0.99693282566435704,0.036248376947821924,0.014238736875975773,0.60718967096176857,0.1046070973176101,0.053360569383015234,0.051246527934594867,0.60718967096176857,0.7277338662779651,1,,0
173,primary_compact_physics_temporal,balanced_normalized_value_per_cost,p_frames_only,0.16500000000000001,0.00051870691822841763,0.16505604947816002,428.61908975185719,0.020215760277452761,0.0028305670483959947,0.017385193229056767,0.85998216195939903,0.035515588448998006,0.013078001117407697,0.97978423972254713,0.99716943295160387,0.036248376947821924,0.013115124356246104,0.63818726628436917,0.1046070973176101,0.050280357452550384,0.054326739865059717,0.63818726628436917,0.74908471412188415,0,assignment_airtime,0
174,primary_compact_physics_temporal,balanced_normalized_value_per_cost,p_frames_only,0.17999999999999999,0.00046550389379262924,0.18003478933127173,470.78873364642914,0.020215760277452761,0.0027875643946003933,0.017428195882852368,0.86210934655228144,0.035515588448998006,0.012103726478300981,0.97978423972254713,0.99721243560539952,0.036248376947821924,0.012137560710374523,0.66515574675671552,0.1046070973176101,0.047512404353628752,0.057094692963981349,0.66515574675671552,0.76363254665449842,0,assignment_airtime,0
175,primary_compact_physics_temporal,balanced_normalized_value_per_cost,p_frames_only,0.20000000000000001,0.00040161545621231198,0.20003865481252417,515.10555268028645,0.020215760277452761,0.0023726256304305443,0.017843134647022217,0.88263485528779229,0.035515588448998006,0.011724125924223599,0.97978423972254713,0.99762737436956939,0.036248376947821924,0.011752009042085905,0.67579213107934599,0.1046070973176101,0.045682521624743136,0.058924575692866965,0.67579213107934599,0.77921349318356914,0,action_fraction+assignment_airtime,0
176,primary_compact_physics_temporal,legacy_bad12_value_per_cost,all_frames,0.050000000000000003,0.00017104943981394172,0.05005798221878624,115.38313209073556,0.020215760277452761,0.0093692961863918213,0.01084646409106094,0.53653505691588177,0.035515588448998006,0.024376815327610817,0.97978423972254713,0.99063070381360807,0.036248376947821924,0.02460736905667062,0.32114563109702993,0.1046070973176101,0.078332154113004149,0.026274943204605949,0.32114563109702993,0.42884034400645588,0,completed_late18_improvement,0
177,primary_compact_physics_temporal,legacy_bad12_value_per_cost,all_frames,0.074999999999999997,0.00014297263987828046,0.07508697332817936,172.52767184390612,0.020215760277452761,0.0066157105921051309,0.013600049685347631,0.67274490292191336,0.035515588448998006,0.020471372791513003,0.97978423972254713,0.9933842894078948,0.036248376947821924,0.020607707419768972,0.43148606489518315,0.1046070973176101,0.069853815988235674,0.034753281329374434,0.43148606489518315,0.55211548390854825,0,completed_late18_improvement,0
178,primary_compact_physics_temporal,legacy_bad12_value_per_cost,all_frames,0.10000000000000001,0.00012289649748709053,0.10001932740626208,247.91105233839588,0.020215760277452761,0.0050087907644350855,0.015206969513017676,0.75223337160257397,0.035515588448998006,0.017385020862975772,0.97978423972254713,0.99499120923556483,0.036248376947821924,0.017472537145662215,0.51797739328265024,0.1046070973176101,0.062390541346726204,0.042216555970883897,0.51797739328265024,0.63510538244261205,1,,0
179,primary_compact_physics_temporal,legacy_bad12_value_per_cost,all_frames,0.125,0.0001048631893354468,0.1250483185156552,314.97433991157908,0.020215760277452761,0.0043523102271459981,0.015863450050306763,0.78470707173945575,0.035515588448998006,0.015504213829508628,0.97978423972254713,0.99564768977285389,0.036248376947821924,0.015571987951928804,0.57040868410897261,0.1046070973176101,0.056329788146087266,0.048277309171522835,0.57040868410897261,0.67755787792421418,1,,0
180,primary_compact_physics_temporal,legacy_bad12_value_per_cost,all_frames,0.14999999999999999,8.9580578787717968e-05,0.15007730962504831,373.18802688630103,0.020215760277452761,0.0039407227405468988,0.016275037536905863,0.80506680498471761,0.035515588448998006,0.013797543364845302,0.97978423972254713,0.99605927725945298,0.036248376947821924,0.013852130771581907,0.61785514447939316,0.1046070973176101,0.05068328340338224,0.053923813914227861,0.61785514447939316,0.71146097473205538,1,,0
181,primary_compact_physics_temporal,legacy_bad12_value_per_cost,all_frames,0.16500000000000001,8.2632475823629647e-05,0.16505604947816002,410.27647226847705,0.020215760277452761,0.0035064651878734567,0.016709295089579305,0.82654794379490537,0.035515588448998006,0.01289363168227824,0.97978423972254713,0.99649353481212644,0.036248376947821924,0.012939001841802352,0.6430460359527953,0.1046070973176101,0.048492996593974623,0.056114100723635478,0.6430460359527953,0.73479698987385034,0,assignment_airtime,0
182,primary_compact_physics_temporal,legacy_bad12_value_per_cost,all_frames,0.17999999999999999,7.5795673183165491e-05,0.18003478933127173,448.99617003974726,0.020215760277452761,0.0032112973843083439,0.017004462893144418,0.84114881952325093,0.035515588448998006,0.012222483392598921,0.97978423972254713,0.99678870261569152,0.036248376947821924,0.012261859871129838,0.66172665085721516,0.1046070973176101,0.046286218438659356,0.058320878878950745,0.66172665085721516,0.75143773519023305,0,assignment_airtime,0
183,primary_compact_physics_temporal,legacy_bad12_value_per_cost,all_frames,0.20000000000000001,6.7748755100183189e-05,0.20003865481252417,501.7614395104975,0.020215760277452761,0.002944772541366325,0.017270987736086436,0.8543328323570043,0.035515588448998006,0.012154733210946071,0.97978423972254713,0.99705522745863362,0.036248376947821924,0.012190631848876549,0.66369164979650064,0.1046070973176101,0.045160047628395747,0.059447049689214354,0.66369164979650064,0.75901224107675247,0,action_fraction+assignment_airtime,0
184,primary_compact_physics_temporal,legacy_bad12_value_per_cost,p_frames_only,0.050000000000000003,0.00017104943981394172,0.05005798221878624,115.38313209073556,0.020215760277452761,0.0093692961863918213,0.01084646409106094,0.53653505691588177,0.035515588448998006,0.024376815327610817,0.97978423972254713,0.99063070381360807,0.036248376947821924,0.02460736905667062,0.32114563109702993,0.1046070973176101,0.078332154113004149,0.026274943204605949,0.32114563109702993,0.42884034400645588,0,completed_late18_improvement,0
185,primary_compact_physics_temporal,legacy_bad12_value_per_cost,p_frames_only,0.074999999999999997,0.00014297263987828046,0.07508697332817936,172.52767184390612,0.020215760277452761,0.0066157105921051309,0.013600049685347631,0.67274490292191336,0.035515588448998006,0.020471372791513003,0.97978423972254713,0.9933842894078948,0.036248376947821924,0.020607707419768972,0.43148606489518315,0.1046070973176101,0.069853815988235674,0.034753281329374434,0.43148606489518315,0.55211548390854825,0,completed_late18_improvement,0
186,primary_compact_physics_temporal,legacy_bad12_value_per_cost,p_frames_only,0.10000000000000001,0.00012289649748709053,0.10001932740626208,247.91105233839588,0.020215760277452761,0.0050087907644350855,0.015206969513017676,0.75223337160257397,0.035515588448998006,0.017385020862975772,0.97978423972254713,0.99499120923556483,0.036248376947821924,0.017472537145662215,0.51797739328265024,0.1046070973176101,0.062390541346726204,0.042216555970883897,0.51797739328265024,0.63510538244261205,1,,0
187,primary_compact_physics_temporal,legacy_bad12_value_per_cost,p_frames_only,0.125,0.0001048631893354468,0.1250483185156552,314.97433991157908,0.020215760277452761,0.0043523102271459981,0.015863450050306763,0.78470707173945575,0.035515588448998006,0.015504213829508628,0.97978423972254713,0.99564768977285389,0.036248376947821924,0.015571987951928804,0.57040868410897261,0.1046070973176101,0.056329788146087266,0.048277309171522835,0.57040868410897261,0.67755787792421418,1,,0
188,primary_compact_physics_temporal,legacy_bad12_value_per_cost,p_frames_only,0.14999999999999999,8.9527842646930367e-05,0.15007730962504831,372.62938804996332,0.020215760277452761,0.004044239415891427,0.016171520861561334,0.79994621224302465,0.035515588448998006,0.013795504741712924,0.97978423972254713,0.99595576058410851,0.036248376947821924,0.013851523619505078,0.61787189425215405,0.1046070973176101,0.050653055347475578,0.053954041970134523,0.61787189425215405,0.70890905324758935,1,,1
189,primary_compact_physics_temporal,legacy_bad12_value_per_cost,p_frames_only,0.16500000000000001,8.2595543062780052e-05,0.16505604947816002,409.71888187997331,0.020215760277452761,0.0035017463970420867,0.016714013880410675,0.8267813651832977,0.035515588448998006,0.012892556791913676,0.97978423972254713,0.99649825360295785,0.036248376947821924,0.012937861903218701,0.64307748394246078,0.1046070973176101,0.04845883256347655,0.056148264754133551,0.64307748394246078,0.73492942456287924,0,assignment_airtime,0
190,primary_compact_physics_temporal,legacy_bad12_value_per_cost,p_frames_only,0.17999999999999999,7.5670075602829456e-05,0.18003478933127173,447.45433800351327,0.020215760277452761,0.0033070145344015235,0.016908745743051238,0.83641404087631888,0.035515588448998006,0.012423037986319451,0.97978423972254713,0.99669298546559837,0.036248376947821924,0.01246425746692309,0.65614301890358051,0.1046070973176101,0.046508566431642494,0.058098530885967607,0.65614301890358051,0.74627852988994969,0,assignment_airtime,0
191,primary_compact_physics_temporal,legacy_bad12_value_per_cost,p_frames_only,0.20000000000000001,6.7412904172670096e-05,0.20003865481252417,497.67861174458773,0.020215760277452761,0.0030482359113875764,0.017167524366065185,0.84921487643542326,0.035515588448998006,0.011357103701015135,0.97978423972254713,0.9969517640886123,0.036248376947821924,0.011391828682300901,0.68572858589781882,0.1046070973176101,0.044580528283933142,0.060026569033676959,0.68572858589781882,0.76747173116662104,0,action_fraction+assignment_airtime,0
