seed,run,policy_run_id,str_run_id,policy_deadline_miss_count,str_deadline_miss_count,policy_deadline_miss_rate,str_deadline_miss_rate,miss_delta_percentage_points,policy_completed_p99_us,str_completed_p99_us,completed_p99_delta_us,policy_sender_airtime_us,str_sender_airtime_us,sender_airtime_ratio,policy_background_throughput_mbps,str_background_throughput_mbps,background_throughput_loss
1251,1,shadow-prelim-1251,str-e2c770b-1251,15,23,0.008333333333333333,0.012777777777777779,-0.44444444444444453,22433.32000000001,23461.440000000002,-1028.1199999999917,5840663.0,4685060.0,1.2466570332076856,26.85584,26.85488,-3.5747692784360297e-05
1252,1,shadow-prelim-1252,str-e2c770b-1252,0,7,0.0,0.0038888888888888888,-0.3888888888888889,9432.419999999998,18030.919999999976,-8598.499999999978,4036707.0,3932512.0,1.0264957869168614,26.9816,26.98848,0.0002549235822097984
1253,1,shadow-prelim-1253,str-e2c770b-1253,24,16,0.013333333333333334,0.008888888888888889,0.44444444444444453,24823.75,21507.220000000005,3316.529999999995,5785764.0,4527754.0,1.2778441584944764,26.10688,26.10992,0.00011643084314305607
1254,1,shadow-prelim-1254,str-e2c770b-1254,0,0,0.0,0.0,0.0,10993.64,11779.679999999998,-786.039999999999,4037499.0,3592350.0,1.1239158211198796,27.50656,27.50736,2.9083125388962294e-05
1255,1,shadow-prelim-1255,str-e2c770b-1255,12,17,0.006666666666666667,0.009444444444444445,-0.27777777777777773,17744.809999999878,20053.280000000017,-2308.4700000001394,5519471.0,4752600.0,1.1613582039304802,26.57984,26.58032,1.805847333669064e-05
1256,1,shadow-prelim-1256,str-e2c770b-1256,2,7,0.0011111111111111111,0.0038888888888888888,-0.27777777777777773,10452.399999999998,10860.319999999956,-407.91999999995824,4095161.0,3461491.0,1.183062732215684,27.30912,27.31248,0.00012302068504954633
1257,1,shadow-prelim-1257,str-e2c770b-1257,11,18,0.006111111111111111,0.01,-0.3888888888888889,18988.479999999992,20831.74000000002,-1843.2600000000275,5254514.0,4183718.0,1.2559436367365104,26.73584,26.73936,0.00013164114623542833
1258,1,shadow-prelim-1258,str-e2c770b-1258,14,11,0.0077777777777777776,0.006111111111111111,0.1666666666666666,21888.750000000044,22039.96,-151.20999999995547,5404614.0,4472875.0,1.2083087499650673,27.11184,27.11536,0.0001298157206837125
1259,1,shadow-prelim-1259,str-e2c770b-1259,0,8,0.0,0.0044444444444444444,-0.4444444444444444,7986.8499999999985,17668.38999999997,-9681.539999999972,3537650.0,3616063.0,0.9783153667400153,26.86192,26.86592,0.00014888751250652366
1260,1,shadow-prelim-1260,str-e2c770b-1260,17,9,0.009444444444444445,0.005,0.4444444444444444,22463.700000000015,23287.699999999997,-823.9999999999818,5689261.0,4458493.0,1.276050225939572,26.31696,26.31968,0.00010334472151640739
1261,1,shadow-prelim-1261,str-e2c770b-1261,1,0,0.0005555555555555556,0.0,0.05555555555555555,9145.32,9721.979999999998,-576.659999999998,3662047.0,3374404.0,1.0852426087688374,26.8496,26.8496,0.0
1262,1,shadow-prelim-1262,str-e2c770b-1262,27,33,0.015,0.018333333333333333,-0.33333333333333337,23713.83999999998,24664.359999999957,-950.5199999999786,5874136.0,4833355.0,1.2153330347139824,26.75824,26.7544,-0.000143527793559306
1263,1,shadow-prelim-1263,str-e2c770b-1263,1,1,0.0005555555555555556,0.0005555555555555556,0.0,11026.21999999999,8898.3,2127.919999999991,4086712.0,3453494.0,1.1833557550700826,27.53568,27.53344,-8.135561702427019e-05
1264,1,shadow-prelim-1264,str-e2c770b-1264,11,18,0.006111111111111111,0.01,-0.3888888888888889,26229.99999999997,25670.50000000007,559.4999999999018,5989020.0,4807421.0,1.2457864622216361,27.02512,27.0256,1.7760937777500097e-05
1265,1,shadow-prelim-1265,str-e2c770b-1265,0,16,0.0,0.008888888888888889,-0.8888888888888888,8521.64,18995.75000000011,-10474.11000000011,3603230.0,3766598.0,0.956627173911312,26.0472,26.04672,-1.8428424001237786e-05
1266,1,shadow-prelim-1266,str-e2c770b-1266,24,53,0.013333333333333334,0.029444444444444443,-1.6111111111111112,25678.0,26424.059999999983,-746.0599999999831,6001421.0,5226298.0,1.14831205568454,27.45344,27.45824,0.00017481091286253303
1267,1,shadow-prelim-1267,str-e2c770b-1267,2,8,0.0011111111111111111,0.0044444444444444444,-0.3333333333333333,12485.399999999994,15959.229999999938,-3473.8299999999435,4554800.0,4059692.0,1.121957035164244,26.50176,26.50048,-4.830101190633762e-05
1268,1,shadow-prelim-1268,str-e2c770b-1268,0,8,0.0,0.0044444444444444444,-0.4444444444444444,8505.569999999998,17573.63,-9068.060000000003,3743929.0,3715865.0,1.0075524810508456,26.05328,26.05728,0.00015350796399304922
1269,1,shadow-prelim-1269,str-e2c770b-1269,14,35,0.0077777777777777776,0.019444444444444445,-1.1666666666666667,25112.05000000002,25552.199999999975,-440.14999999995416,6104536.0,5280164.0,1.1561262112313178,26.59088,26.59216,4.813448775886631e-05
1270,1,shadow-prelim-1270,str-e2c770b-1270,1,1,0.0005555555555555556,0.0005555555555555556,0.0,8797.3,13346.799999999994,-4549.4999999999945,3742768.0,3524673.0,1.0618766620336129,27.64,27.64624,0.00022570881248218377
1271,1,shadow-prelim-1271,str-e2c770b-1271,25,26,0.013888888888888888,0.014444444444444444,-0.055555555555555566,25604.14,26472.39,-868.25,6360284.0,5171660.0,1.2298341344945336,25.91984,25.92016,1.2345602804830769e-05
1272,1,shadow-prelim-1272,str-e2c770b-1272,4,7,0.0022222222222222222,0.0038888888888888888,-0.16666666666666666,19623.549999999956,20415.119999999966,-791.5700000000106,4941346.0,4393825.0,1.1246114717814206,27.02112,27.0224,4.7368109420409255e-05
1273,1,shadow-prelim-1273,str-e2c770b-1273,17,32,0.009444444444444445,0.017777777777777778,-0.8333333333333334,23666.720000000016,23406.499999999996,260.22000000001935,5944683.0,4773760.0,1.2452831730124683,27.28272,27.28176,-3.51883456199964e-05
1274,1,shadow-prelim-1274,str-e2c770b-1274,2,0,0.0011111111111111111,0.0,0.1111111111111111,9221.12,11587.669999999998,-2366.5499999999975,3641284.0,3454541.0,1.0540572539159327,26.5624,26.56256,6.023515805697599e-06
1275,1,shadow-prelim-1275,str-e2c770b-1275,19,33,0.010555555555555556,0.018333333333333333,-0.7777777777777778,24114.800000000017,23638.279999999984,476.5200000000332,5884071.0,4764763.0,1.2349136777631962,26.67248,26.67376,4.7987235395452466e-05
1276,1,shadow-prelim-1276,str-e2c770b-1276,4,15,0.0022222222222222222,0.008333333333333333,-0.611111111111111,11547.799999999997,19763.960000000036,-8216.160000000038,4181836.0,3974959.0,1.0520450651189106,27.06928,27.07024,3.546329844139606e-05
1277,1,shadow-prelim-1277,str-e2c770b-1277,3,6,0.0016666666666666668,0.0033333333333333335,-0.16666666666666669,15443.32,15545.07999999999,-101.75999999999112,4990882.0,4104676.0,1.215901571768393,26.43552,26.43904,0.00013313645276069597
1278,1,shadow-prelim-1278,str-e2c770b-1278,15,15,0.008333333333333333,0.008333333333333333,0.0,22790.840000000037,21605.160000000036,1185.6800000000003,5907628.0,4638998.0,1.2734706934557851,26.32496,26.3264,5.469794578816245e-05
1279,1,shadow-prelim-1279,str-e2c770b-1279,0,5,0.0,0.002777777777777778,-0.2777777777777778,7932.329999999999,12729.91999999999,-4797.58999999999,3566980.0,3497539.0,1.0198542460856048,26.98544,26.98368,-6.522460983826583e-05
1280,1,shadow-prelim-1280,str-e2c770b-1280,15,15,0.008333333333333333,0.008333333333333333,0.0,20188.52,21656.36000000003,-1467.8400000000292,5828133.0,4548111.0,1.2814403606244438,27.47472,27.47392,-2.9118524040416816e-05
1281,1,shadow-prelim-1281,str-e2c770b-1281,1,1,0.0005555555555555556,0.0005555555555555556,0.0,12151.039999999997,12839.159999999996,-688.119999999999,4267000.0,3544383.0,1.203876669084577,25.67824,25.67744,-3.1155753844602785e-05
1282,1,shadow-prelim-1282,str-e2c770b-1282,36,28,0.02,0.015555555555555555,0.44444444444444453,26440.66,25224.319999999963,1216.3400000000365,5967173.0,4762064.0,1.2530644275255436,26.1328,26.13648,0.00014079937313671298
1283,1,shadow-prelim-1283,str-e2c770b-1283,0,1,0.0,0.0005555555555555556,-0.05555555555555555,8599.88,14668.16,-6068.280000000001,3646536.0,3603814.0,1.0118546628655085,26.9104,26.91072,1.1891171993960725e-05
1284,1,shadow-prelim-1284,str-e2c770b-1284,24,19,0.013333333333333334,0.010555555555555556,0.27777777777777785,23912.75,23650.000000000033,262.74999999996726,5811348.0,4558764.0,1.2747639491756977,27.29296,27.29664,0.00013481512742952173
1285,1,shadow-prelim-1285,str-e2c770b-1285,0,2,0.0,0.0011111111111111111,-0.1111111111111111,7454.4,8626.09,-1171.6900000000005,3548623.0,3288050.0,1.0792484907467952,26.69104,26.6952,0.00015583325841350693
1286,1,shadow-prelim-1286,str-e2c770b-1286,19,25,0.010555555555555556,0.013888888888888888,-0.3333333333333332,24831.400000000034,23218.71999999999,1612.680000000044,6072597.0,4828260.0,1.2577195511426476,27.0144,27.01408,-1.1845674551924645e-05
1287,1,shadow-prelim-1287,str-e2c770b-1287,5,3,0.002777777777777778,0.0016666666666666668,0.1111111111111111,14694.519999999982,14275.919999999973,418.60000000000946,4880094.0,3939230.0,1.2388446473041685,26.09088,26.0912,1.2264671613526623e-05
1288,1,shadow-prelim-1288,str-e2c770b-1288,0,0,0.0,0.0,0.0,7938.48,7604.649999999999,333.83000000000084,3523405.0,3186846.0,1.105608805696918,26.31504,26.31248,-9.729223547139121e-05
1289,1,shadow-prelim-1289,str-e2c770b-1289,11,28,0.006111111111111111,0.015555555555555555,-0.9444444444444443,21314.959999999992,24312.39,-2997.4300000000076,5859038.0,4933283.0,1.1876549551282585,26.2056,26.20944,0.00014651209640492713
1290,1,shadow-prelim-1290,str-e2c770b-1290,0,19,0.0,0.010555555555555556,-1.0555555555555556,9853.89,21350.40000000006,-11496.51000000006,4089376.0,4077553.0,1.0028995331268533,25.4208,25.42176,3.776292436086237e-05
1291,1,shadow-prelim-1291,str-e2c770b-1291,19,28,0.010555555555555556,0.015555555555555555,-0.49999999999999994,23170.80000000001,24817.769999999993,-1646.969999999983,5852425.0,4805793.0,1.2177854934659067,26.55328,26.5552,7.230222329335234e-05
1292,1,shadow-prelim-1292,str-e2c770b-1292,0,6,0.0,0.0033333333333333335,-0.33333333333333337,10982.93,13713.91999999999,-2730.989999999989,4029438.0,3738126.0,1.0779299574171657,26.73792,26.73856,2.3935469972924395e-05
1293,1,shadow-prelim-1293,str-e2c770b-1293,22,30,0.012222222222222223,0.016666666666666666,-0.44444444444444436,23055.700000000004,24378.719999999994,-1323.0199999999895,6350052.0,5224943.0,1.2153342151292368,26.03216,26.03392,6.760411032979974e-05
1294,1,shadow-prelim-1294,str-e2c770b-1294,2,2,0.0011111111111111111,0.0011111111111111111,0.0,8070.249999999998,11548.169999999998,-3477.92,3581318.0,3405297.0,1.0516903518254062,26.6008,26.60144,2.4058847942098893e-05
1295,1,shadow-prelim-1295,str-e2c770b-1295,11,15,0.006111111111111111,0.008333333333333333,-0.22222222222222218,20160.839999999975,24596.640000000065,-4435.80000000009,5446338.0,4541289.0,1.199293416472724,26.148,26.15008,7.954086564931906e-05
1296,1,shadow-prelim-1296,str-e2c770b-1296,5,11,0.002777777777777778,0.006111111111111111,-0.33333333333333337,16855.339999999997,16800.839999999946,54.50000000005093,4727175.0,4150640.0,1.138902675250082,26.74496,26.74544,1.794698460744204e-05
1297,1,shadow-prelim-1297,str-e2c770b-1297,15,20,0.008333333333333333,0.011111111111111112,-0.27777777777777785,19464.40000000004,22424.050000000025,-2959.6499999999833,5583229.0,4794478.0,1.1645123827870312,26.1464,26.1456,-3.059788262649299e-05
1298,1,shadow-prelim-1298,str-e2c770b-1298,5,10,0.002777777777777778,0.005555555555555556,-0.2777777777777778,22406.179999999986,18783.179999999997,3622.999999999989,5417127.0,4336362.0,1.2492331129181558,26.73968,26.74144,6.581545346850959e-05
