family_id,scenario_id,parameter_sample,seed,run,str_mlo_nmaxinflights_1__all_generated_deadline_miss_rate,str_mlo_nmaxinflights_1__completed_frame_hf7_p99_us,str_mlo_nmaxinflights_1__sender_airtime_us,str_mlo_nmaxinflights_1__background_throughput_mbps,score_aware_t2_v2__all_generated_deadline_miss_rate,score_aware_t2_v2__completed_frame_hf7_p99_us,score_aware_t2_v2__sender_airtime_us,score_aware_t2_v2__background_throughput_mbps,distributional_shadow_t2__all_generated_deadline_miss_rate,distributional_shadow_t2__completed_frame_hf7_p99_us,distributional_shadow_t2__sender_airtime_us,distributional_shadow_t2__background_throughput_mbps,score_aware_t2_v2_minus_str_mlo_nmaxinflights_1__deadline_miss_delta,score_aware_t2_v2_minus_str_mlo_nmaxinflights_1__completed_p99_delta_us,score_aware_t2_v2_minus_str_mlo_nmaxinflights_1__sender_airtime_ratio,score_aware_t2_v2_minus_str_mlo_nmaxinflights_1__background_throughput_loss,score_aware_t2_v2_minus_str_mlo_nmaxinflights_1__relative_deadline_miss_reduction,distributional_shadow_t2_minus_str_mlo_nmaxinflights_1__deadline_miss_delta,distributional_shadow_t2_minus_str_mlo_nmaxinflights_1__completed_p99_delta_us,distributional_shadow_t2_minus_str_mlo_nmaxinflights_1__sender_airtime_ratio,distributional_shadow_t2_minus_str_mlo_nmaxinflights_1__background_throughput_loss,distributional_shadow_t2_minus_str_mlo_nmaxinflights_1__relative_deadline_miss_reduction,distributional_shadow_t2_minus_score_aware_t2_v2__deadline_miss_delta,distributional_shadow_t2_minus_score_aware_t2_v2__completed_p99_delta_us,distributional_shadow_t2_minus_score_aware_t2_v2__sender_airtime_ratio,distributional_shadow_t2_minus_score_aware_t2_v2__background_throughput_loss,distributional_shadow_t2_minus_score_aware_t2_v2__relative_deadline_miss_reduction
radio_propagation,radio-propagation-qualification-p16,16,21001,1,0.0,5766.14,3090544.0,26.64416,0.0,8360.169999999998,3132716.0,26.64384,0.0,7682.099999999999,3248882.0,26.64384,0.0,2594.029999999998,1.0136454941266004,1.201013655516281e-05,,0.0,1915.9599999999991,1.0512330515274981,1.201013655516281e-05,,0.0,-678.0699999999988,1.0370815611756699,0.0,
radio_propagation,radio-propagation-qualification-p16,16,21002,1,0.002777777777777778,20387.5,4137898.0,26.83136,0.0016666666666666668,19788.32,4947596.0,26.83184,0.0011111111111111111,18622.27999999999,5022593.0,26.83184,-0.0011111111111111111,-599.1800000000003,1.1956785788339876,-1.7889514359215042e-05,0.4,-0.0016666666666666668,-1765.2200000000084,1.2138029985272716,-1.7889514359215042e-05,0.6000000000000001,-0.0005555555555555557,-1166.0400000000081,1.0151582708046494,0.0,0.33333333333333337
radio_propagation,radio-propagation-qualification-p16,16,21003,1,0.0,5617.17,3090937.0,27.1808,0.0016666666666666668,7934.719999999994,3168210.0,27.1808,0.0016666666666666668,7430.399999999997,3299629.0,27.1808,0.0016666666666666668,2317.549999999994,1.0249998625012415,0.0,,0.0016666666666666668,1813.2299999999968,1.0675173903576811,0.0,,0.0,-504.319999999997,1.0414805205463022,0.0,0.0
radio_propagation,radio-propagation-qualification-p16,16,21004,1,0.005555555555555556,16446.029999999984,4148770.0,26.512,0.0016666666666666668,15487.799999999985,5088388.0,26.51216,0.0016666666666666668,17172.799999999996,5082552.0,26.51216,-0.0038888888888888888,-958.2299999999996,1.2264811016277113,-6.0350030175460034e-06,0.7,-0.0038888888888888888,726.7700000000114,1.225074419647269,-6.0350030175460034e-06,0.7,0.0,1685.000000000011,0.9988530748834404,0.0,0.0
radio_propagation,radio-propagation-qualification-p17,17,21005,1,0.065,29779.560000000012,7073012.0,26.75856,0.10666666666666667,30643.65,9640446.0,26.75376,0.105,30797.300000000017,9665319.0,26.7528,0.04166666666666667,864.0899999999892,1.3629901942764977,0.0001793818501444333,-0.641025641025641,0.039999999999999994,1017.7400000000052,1.366506800780205,0.00021525822017320895,-0.6153846153846152,-0.0016666666666666774,153.650000000016,1.0025800673537304,3.5882806753151364e-05,0.01562500000000011
radio_propagation,radio-propagation-qualification-p17,17,21006,1,0.30333333333333334,32202.35,12738720.0,27.10048,0.39222222222222225,32372.35999999999,18633379.0,27.09664,0.35388888888888886,32142.83999999999,18881438.0,27.09664,0.0888888888888889,170.00999999999112,1.4627355809688884,0.00014169490724891265,-0.2930402930402931,0.05055555555555552,-59.51000000000931,1.4822084165442053,0.00014169490724891265,-0.16666666666666652,-0.038333333333333386,-229.52000000000044,1.0133126149583498,0.0,0.09773371104815876
radio_propagation,radio-propagation-qualification-p17,17,21007,1,0.27944444444444444,32590.519999999997,11435258.0,26.18256,0.3472222222222222,32691.260000000002,14366473.0,26.1792,0.3194444444444444,32303.04,14940402.0,26.18096,0.06777777777777777,100.74000000000524,1.2563313394415763,0.00012832969732512467,-0.24254473161033796,0.03999999999999998,-287.4799999999959,1.3065207623649593,6.110937967862551e-05,-0.14314115308151076,-0.02777777777777779,-388.22000000000116,1.0399491928185853,-6.722894511668187e-05,0.08000000000000007
radio_propagation,radio-propagation-qualification-p17,17,21008,1,0.10611111111111111,31492.840000000007,8638316.0,26.33136,0.1388888888888889,31893.300000000003,11802950.0,26.33184,0.12777777777777777,31959.03,12025453.0,26.33088,0.03277777777777778,400.4599999999955,1.3663484873672136,-1.822921413863199e-05,-0.30890052356020936,0.021666666666666654,466.1899999999914,1.3921061697673482,1.8229214138520966e-05,-0.2041884816753925,-0.011111111111111127,65.72999999999593,1.018851473572285,3.6457763680775024e-05,0.08000000000000007
radio_propagation,radio-propagation-qualification-p18,18,21009,1,0.005,17751.899999999976,4089476.0,25.708,0.002777777777777778,15939.959999999995,4742104.0,25.69936,0.002777777777777778,15880.419999999998,4823753.0,25.69904,-0.0022222222222222222,-1811.9399999999805,1.1595871940561577,0.0003360821534152958,0.4444444444444444,-0.0022222222222222222,-1871.4799999999777,1.1795528326856546,0.00034852964057874303,0.4444444444444444,0.0,-59.539999999997235,1.0172178847195252,1.2451671948188192e-05,0.0
radio_propagation,radio-propagation-qualification-p18,18,21010,1,0.0033333333333333335,16032.32999999998,3824021.0,26.96576,0.0,10592.309999999998,3721335.0,26.96752,0.0,9959.27,4102148.0,26.96704,-0.0033333333333333335,-5440.019999999982,0.9731471139933593,-6.526795462091783e-05,1.0,-0.0033333333333333335,-6073.0599999999795,1.0727315566520164,-4.7467603360829e-05,1.0,0.0,-633.0399999999972,1.1023323619077563,1.7799189543588056e-05,
radio_propagation,radio-propagation-qualification-p18,18,21011,1,0.017777777777777778,23818.939999999984,5131186.0,26.74176,0.015,23556.999999999996,5741274.0,26.73888,0.01,23669.4,6043072.0,26.73888,-0.0027777777777777783,-261.9399999999878,1.1188980481315625,0.00010769672601940172,0.15625,-0.0077777777777777776,-149.53999999998268,1.1777144699100754,0.00010769672601940172,0.4375,-0.004999999999999999,112.4000000000051,1.0525663816079847,0.0,0.33333333333333326
radio_propagation,radio-propagation-qualification-p18,18,21012,1,0.0,9915.589999999998,3286555.0,26.6336,0.0,7806.45,3131839.0,26.63056,0.0,7225.919999999999,3358214.0,26.63296,0.0,-2109.1399999999985,0.9529245669097277,0.00011414153550415307,,0.0,-2689.669999999999,1.021803681970939,2.4029796948266124e-05,,0.0,-580.5300000000007,1.0722818126985454,-9.012202522229451e-05,
radio_propagation,radio-propagation-qualification-p19,19,21013,1,0.011111111111111112,22047.460000000003,4847554.0,27.10096,0.010555555555555556,23984.000000000007,5843716.0,27.10048,0.0077777777777777776,23703.300000000014,5971937.0,27.10048,-0.0005555555555555557,1936.5400000000045,1.2054978655214568,1.7711549701537876e-05,0.050000000000000044,-0.003333333333333334,1655.840000000011,1.2319485249674371,1.7711549701537876e-05,0.30000000000000004,-0.0027777777777777783,-280.69999999999345,1.021941689158063,0.0,0.26315789473684215
radio_propagation,radio-propagation-qualification-p19,19,21014,1,0.0077777777777777776,20323.650000000078,4123318.0,27.44704,0.006111111111111111,12772.15999999999,4169848.0,27.44256,0.0044444444444444444,12486.33999999999,4484978.0,27.44256,-0.0016666666666666661,-7551.490000000087,1.0112846013817027,0.0001632234295574353,0.2142857142857142,-0.003333333333333333,-7837.310000000089,1.087710916305752,0.0001632234295574353,0.4285714285714286,-0.001666666666666667,-285.8200000000015,1.0755734981227134,0.0,0.2727272727272728
radio_propagation,radio-propagation-qualification-p19,19,21015,1,0.011111111111111112,20948.040000000008,4420858.0,26.2544,0.01,21539.40000000006,5605357.0,26.2528,0.009444444444444445,23440.640000000043,5640557.0,26.25264,-0.0011111111111111113,591.3600000000515,1.2679341883408153,6.0942165884592114e-05,0.09999999999999998,-0.001666666666666667,2492.600000000035,1.2758964436315303,6.703638247307353e-05,0.15000000000000002,-0.0005555555555555557,1901.2399999999834,1.0062797070730731,6.094588005933765e-06,0.05555555555555558
radio_propagation,radio-propagation-qualification-p19,19,21016,1,0.006666666666666667,19414.48999999999,4382206.0,27.52672,0.007222222222222222,21114.73999999988,5554182.0,27.52544,0.0077777777777777776,22395.15000000003,5563284.0,27.52544,0.0005555555555555548,1700.2499999998909,1.2674397324087456,4.650027318919836e-05,-0.08333333333333326,0.0011111111111111105,2980.66000000004,1.269516768495137,4.650027318919836e-05,-0.16666666666666652,0.0005555555555555557,1280.410000000149,1.0016387651683003,0.0,-0.07692307692307687
radio_propagation,radio-propagation-qualification-p20,20,21017,1,0.02388888888888889,24276.080000000005,5029210.0,27.31488,0.002777777777777778,19113.87999999999,4951450.0,27.30928,0.0022222222222222222,16668.94999999999,5414760.0,27.30928,-0.021111111111111112,-5162.200000000015,0.984538327093122,0.00020501645989279282,0.8837209302325582,-0.021666666666666667,-7607.130000000016,1.0766621397794087,0.00020501645989279282,0.9069767441860466,-0.0005555555555555557,-2444.9300000000003,1.0935705702370013,0.0,0.20000000000000007
radio_propagation,radio-propagation-qualification-p20,20,21018,1,0.06666666666666667,29535.510000000006,6572716.0,26.6176,0.08666666666666667,29820.399999999998,7457208.0,26.60976,0.06388888888888888,29990.52000000002,7867339.0,26.60848,0.020000000000000004,284.88999999999214,1.1345702446294652,0.0002945419572011332,-0.30000000000000004,-0.002777777777777782,455.01000000001295,1.1969692589790888,0.00034263044000959475,0.04166666666666674,-0.022777777777777786,170.1200000000208,1.0549979295200027,4.8102651057368995e-05,0.2628205128205129
radio_propagation,radio-propagation-qualification-p20,20,21019,1,0.023333333333333334,25865.210000000054,5810251.0,26.66112,0.02666666666666667,27387.91,7239749.0,26.65952,0.022222222222222223,27449.520000000004,7349149.0,26.65632,0.003333333333333334,1522.6999999999462,1.2460303350061812,6.001248259634995e-05,-0.1428571428571428,-0.0011111111111111113,1584.3099999999504,1.2648591257073059,0.00018003744778916086,0.04761904761904767,-0.004444444444444445,61.61000000000422,1.0151110211141299,0.00012003216862122024,0.16666666666666674
radio_propagation,radio-propagation-qualification-p20,20,21020,1,0.16444444444444445,31849.410000000007,9936995.0,25.9944,0.22611111111111112,31671.99999999995,12878820.0,25.9952,0.18333333333333332,31125.769999999982,13347231.0,25.9952,0.061666666666666675,-177.41000000005806,1.2960477488415763,-3.0775859416021234e-05,-0.375,0.018888888888888872,-723.6400000000249,1.3431858424000414,-3.0775859416021234e-05,-0.11486486486486469,-0.0427777777777778,-546.2299999999668,1.0363706457579187,0.0,0.18918918918918926
obss_intensity,obss-intensity-qualification-p16,16,21033,1,0.042222222222222223,28293.859999999986,4874042.0,29.91856,0.051111111111111114,28176.150000000005,6273804.0,29.9208,0.050555555555555555,28238.64,6349473.0,29.92048,0.00888888888888889,-117.70999999998094,1.2871871026142163,-7.486991352534389e-05,-0.21052631578947367,0.008333333333333331,-55.21999999998661,1.3027119996093592,-6.417421159321535e-05,-0.19736842105263164,-0.0005555555555555591,62.489999999994325,1.012061103598391,1.0694901205754448e-05,0.010869565217391353
obss_intensity,obss-intensity-qualification-p16,16,21034,1,0.021666666666666667,21767.400000000038,4148282.0,30.44192,0.007222222222222222,17849.79999999993,4729189.0,30.44384,0.005555555555555556,19155.609999999953,4896313.0,30.44352,-0.014444444444444446,-3917.6000000001077,1.1400355617096427,-6.307092325319452e-05,0.6666666666666667,-0.01611111111111111,-2611.7900000000845,1.1803230831462277,-5.255910271095843e-05,0.7435897435897436,-0.0016666666666666661,1305.8100000000231,1.0353388287082628,1.0511157593873222e-05,0.23076923076923073
obss_intensity,obss-intensity-qualification-p16,16,21035,1,0.043333333333333335,28665.369999999974,5117593.0,30.492,0.04833333333333333,28862.039999999943,6178461.0,30.49248,0.03944444444444444,26525.240000000005,6384339.0,30.49248,0.0049999999999999975,196.66999999996915,1.2072982357135473,-1.5741833923721416e-05,-0.11538461538461542,-0.003888888888888893,-2140.1299999999683,1.2475276951488719,-1.5741833923721416e-05,0.08974358974358987,-0.00888888888888889,-2336.7999999999374,1.0333218903542485,0.0,0.1839080459770115
obss_intensity,obss-intensity-qualification-p16,16,21036,1,0.006111111111111111,21678.359999999993,4015311.0,30.48688,0.005555555555555556,17850.019999999982,4683221.0,30.48128,0.0044444444444444444,18996.609999999997,4745187.0,30.48128,-0.0005555555555555557,-3828.340000000011,1.166340789044734,0.00018368557228543025,0.09090909090909094,-0.001666666666666667,-2681.7499999999964,1.18177321756646,0.00018368557228543025,0.2727272727272728,-0.0011111111111111113,1146.5900000000147,1.0132314917446774,0.0,0.20000000000000007
obss_intensity,obss-intensity-qualification-p17,17,21037,1,0.5266666666666666,32202.45,5934880.0,73.19664,0.47444444444444445,32565.149999999994,6234331.0,74.68288,0.4777777777777778,32463.760000000002,6288155.0,74.64256,-0.05222222222222217,362.69999999999345,1.0504561170571267,-0.020304757158251974,0.09915611814345981,-0.048888888888888815,261.3100000000013,1.0595252136521716,-0.0197539122014343,0.09282700421940915,0.003333333333333355,-101.38999999999214,1.0086334844909581,0.0005398827683130714,-0.007025761124121788
obss_intensity,obss-intensity-qualification-p17,17,21038,1,0.7611111111111111,32747.97999999999,7745931.0,75.5552,0.7894444444444444,32445.959999999995,7371408.0,75.22848,0.7744444444444445,32386.399999999998,7723478.0,75.3312,0.02833333333333332,-302.01999999999316,0.9516490658127473,0.004324255643555874,-0.037226277372262695,0.01333333333333342,-361.57999999999083,0.9971013168074955,0.0029647198339757264,-0.01751824817518255,-0.014999999999999902,-59.55999999999767,1.0477615673966223,-0.001365440322601108,0.0190007037297677
obss_intensity,obss-intensity-qualification-p17,17,21039,1,0.7416666666666667,32382.520000000004,5408570.0,70.70032,0.65,32311.15000000001,5437731.0,70.37616,0.65,32311.15000000001,5183225.0,70.43744,-0.09166666666666667,-71.36999999999534,1.0053916284711115,0.004584986319722595,0.1235955056179775,-0.09166666666666667,-71.36999999999534,0.9583355674420411,0.0037182292809991857,0.1235955056179775,0.0,0.0,0.953196287201408,-0.0008707494128692428,0.0
obss_intensity,obss-intensity-qualification-p17,17,21040,1,0.8544444444444445,32655.159999999996,5157989.0,71.0472,0.3277777777777778,31732.77000000001,6909059.0,63.00784,0.32666666666666666,31745.920000000013,7088819.0,62.58384,-0.5266666666666666,-922.3899999999849,1.3394869589679232,0.11315519823441322,0.6163849154746424,-0.5277777777777778,-909.2399999999834,1.3743377506233534,0.1191230618518394,0.6176853055916776,-0.0011111111111111183,13.150000000001455,1.02601801489899,0.006729321303507674,0.003389830508474634
obss_intensity,obss-intensity-qualification-p18,18,21041,1,0.0005555555555555556,17890.81999999998,3422886.0,40.88688,0.0016666666666666668,13735.479999999996,3356875.0,40.8824,0.0005555555555555556,11711.439999999997,3772424.0,40.88352,0.0011111111111111113,-4155.339999999986,0.9807148120036717,0.00010957060064253898,-2.0,0.0,-6179.379999999985,1.1021179203747948,8.2177950481932e-05,0.0,-0.0011111111111111113,-2024.039999999999,1.123790430087507,-2.739565191878235e-05,0.6666666666666667
obss_intensity,obss-intensity-qualification-p18,18,21042,1,0.09555555555555556,30300.460000000014,5919225.0,40.13072,0.15166666666666667,31473.839999999997,7414698.0,40.12592,0.14666666666666667,31495.500000000015,7628890.0,40.12496,0.05611111111111111,1173.3799999999828,1.25264675696565,0.00011960911740427349,-0.5872093023255813,0.05111111111111111,1195.0400000000009,1.2888325752104373,0.00014353094088503937,-0.5348837209302324,-0.0050000000000000044,21.660000000018044,1.0288874880676193,2.3924685091269993e-05,0.03296703296703296
obss_intensity,obss-intensity-qualification-p18,18,21043,1,0.008888888888888889,22260.91000000004,3918347.0,42.11088,0.01888888888888889,26440.549999999876,5119109.0,41.60608,0.021111111111111112,26799.95999999989,5044838.0,42.11424,0.01,4179.639999999836,1.3064460600350096,0.011987400880722587,-1.125,0.012222222222222223,4539.04999999985,1.2874913834839028,-7.978935609997961e-05,-1.375,0.0022222222222222227,359.4100000000144,0.9854914204796186,-0.012213599550835008,-0.11764705882352944
obss_intensity,obss-intensity-qualification-p18,18,21044,1,0.07166666666666667,29071.899999999994,5606697.0,40.2992,0.1438888888888889,29719.999999999996,7623049.0,40.30544,0.14277777777777778,31390.719999999994,7621537.0,40.30544,0.07222222222222223,648.1000000000022,1.3596327748761883,-0.00015484178345959165,-1.0077519379844961,0.07111111111111111,2318.8199999999997,1.3593630973815778,-0.00015484178345959165,-0.9922480620155039,-0.0011111111111111183,1670.7199999999975,0.9998016541675122,0.0,0.007722007722007818
obss_intensity,obss-intensity-qualification-p19,19,21045,1,0.3061111111111111,31061.92,6037913.0,52.74064,0.2877777777777778,32167.880000000005,6649911.0,52.6876,0.26944444444444443,32142.87999999999,6920935.0,52.672,-0.018333333333333313,1105.9600000000064,1.101359194807875,0.0010056760782576335,0.05989110707803991,-0.03666666666666668,1080.9599999999919,1.1462462277942727,0.0013014631600981597,0.11978221415607992,-0.018333333333333368,-25.000000000014552,1.0407560341785025,0.0002960848472887134,0.0637065637065638
obss_intensity,obss-intensity-qualification-p19,19,21046,1,0.6022222222222222,32040.8,8189006.0,52.82808,0.6555555555555556,32210.009999999995,8720622.0,51.76664,0.6455555555555555,32149.18,9339070.0,51.77232,0.053333333333333344,169.2099999999955,1.0649182574783802,0.02009234482873501,-0.088560885608856,0.043333333333333335,108.38000000000102,1.1404399996776164,0.01998482625149356,-0.0719557195571956,-0.010000000000000009,-60.82999999999447,1.070917877188118,-0.00010972317307045287,0.015254237288135575
obss_intensity,obss-intensity-qualification-p19,19,21047,1,0.10166666666666667,28631.439999999962,4410071.0,51.46416,0.3605555555555556,30974.5,6182184.0,52.376,0.36833333333333335,30984.72,6220380.0,52.33952,0.2588888888888889,2343.0600000000377,1.40183321311607,-0.017717961392938353,-2.546448087431694,0.26666666666666666,2353.280000000039,1.4104942981643607,-0.01700911857883236,-2.6229508196721314,0.007777777777777772,10.220000000001164,1.0061783990900304,0.0006965022147548128,-0.02157164869029282
obss_intensity,obss-intensity-qualification-p19,19,21048,1,0.1361111111111111,30697.74,4670846.0,51.85864,0.20722222222222222,31308.0,5809667.0,51.8016,0.195,31311.120000000003,5904810.0,51.7948,0.07111111111111112,610.2599999999984,1.2438147179333252,0.0010999131485129876,-0.5224489795918368,0.05888888888888891,613.380000000001,1.2641842612665886,0.0012310388394296545,-0.4326530612244899,-0.012222222222222218,3.1200000000026193,1.0163766701258437,0.00013127007659996526,0.05898123324396776
obss_intensity,obss-intensity-qualification-p21,21,21053,1,0.035555555555555556,24683.000000000007,4795344.0,38.93361493333333,0.07055555555555555,29371.439999999995,6852168.0,38.93714773333333,0.07722222222222222,30351.40000000001,6782736.0,38.93714773333333,0.034999999999999996,4688.439999999988,1.428921053421819,-9.073906972290047e-05,-0.984375,0.041666666666666664,5668.4000000000015,1.4144420087484861,-9.073906972290047e-05,-1.171875,0.006666666666666668,979.9600000000137,0.9898671486163212,0.0,-0.09448818897637801
obss_intensity,obss-intensity-qualification-p21,21,21054,1,0.01,21661.12000000003,4317577.0,38.714188799999995,0.010555555555555556,25758.60000000002,5551177.0,38.7159552,0.012222222222222223,25762.610000000008,5480838.0,38.7159552,0.0005555555555555557,4097.479999999989,1.2857158077319757,-4.56266824842011e-05,-0.05555555555555558,0.0022222222222222227,4101.489999999976,1.2694244943402284,-4.56266824842011e-05,-0.22222222222222232,0.001666666666666667,4.009999999987485,0.9873289934729157,0.0,-0.1578947368421053
obss_intensity,obss-intensity-qualification-p21,21,21055,1,0.026111111111111113,28065.280000000006,5187545.0,39.517115733333334,0.03611111111111111,27639.460000000003,6057432.0,39.51063893333333,0.030555555555555555,27496.12,6245824.0,39.51162026666667,0.009999999999999995,-425.82000000000335,1.1676876056014935,0.00016389860139864876,-0.3829787234042552,0.004444444444444442,-569.1600000000071,1.2040038206897483,0.00013906547997455387,-0.1702127659574466,-0.005555555555555553,-143.34000000000378,1.0311009681990653,-2.4837192205140468e-05,0.15384615384615374
obss_intensity,obss-intensity-qualification-p21,21,21056,1,0.04833333333333333,28170.639999999956,5228168.0,39.8387968,0.03111111111111111,24309.739999999994,4973789.0,39.838404266666664,0.021666666666666667,24425.200000000004,5481198.0,39.838404266666664,-0.017222222222222222,-3860.8999999999614,0.951344524506481,9.853041880392155e-06,0.3563218390804598,-0.026666666666666665,-3745.4399999999514,1.0483974501201951,9.853041880392155e-06,0.5517241379310345,-0.009444444444444443,115.46000000001004,1.1020165913753077,0.0,0.3035714285714285
obss_geometry_mac,obss-geometry-mac-qualification-p16,16,21065,1,0.005555555555555556,16439.50999999996,4100443.0,26.94672,0.006666666666666667,15372.929999999993,4650307.0,26.9472,0.006111111111111111,15362.839999999993,4784071.0,26.9472,0.0011111111111111113,-1066.5799999999654,1.1340986815327028,-1.7812928623683888e-05,-0.19999999999999996,0.0005555555555555557,-1076.6699999999655,1.1667205226362127,-1.7812928623683888e-05,-0.10000000000000009,-0.0005555555555555557,-10.090000000000146,1.0287645525338434,0.0,0.08333333333333337
obss_geometry_mac,obss-geometry-mac-qualification-p16,16,21066,1,0.011666666666666667,22465.640000000007,4605121.0,26.52384,0.012222222222222223,23624.560000000005,5234198.0,26.5024,0.008888888888888889,18176.710000000006,5435634.0,26.5024,0.0005555555555555557,1158.9199999999983,1.1366037939068268,0.0008083294123324425,-0.04761904761904767,-0.0027777777777777783,-4288.93,1.1803455327232444,0.0008083294123324425,0.23809523809523814,-0.003333333333333334,-5447.8499999999985,1.0384845968761593,0.0,0.2727272727272728
obss_geometry_mac,obss-geometry-mac-qualification-p16,16,21067,1,0.0022222222222222222,12901.699999999984,3821323.0,26.3336,0.002777777777777778,13726.65999999997,4433042.0,26.33408,0.002777777777777778,13280.259999999984,4582943.0,26.33408,0.0005555555555555557,824.9599999999864,1.160080422408679,-1.8227663517222936e-05,-0.25,0.0005555555555555557,378.5599999999995,1.199307936021111,-1.8227663517222936e-05,-0.25,0.0,-446.3999999999869,1.033814477733349,0.0,0.0
obss_geometry_mac,obss-geometry-mac-qualification-p16,16,21068,1,0.0011111111111111111,8302.689999999999,3375784.0,26.69344,0.0011111111111111111,9574.71,3493893.0,26.69296,0.0005555555555555556,8765.259999999997,3757525.0,26.69296,0.0,1272.0200000000004,1.0349871318781059,1.798194612612214e-05,0.0,-0.0005555555555555556,462.5699999999979,1.1130821758738119,1.798194612612214e-05,0.5,-0.0005555555555555556,-809.4500000000025,1.0754550869188038,0.0,0.5
obss_geometry_mac,obss-geometry-mac-qualification-p17,17,21069,1,0.0022222222222222222,19415.499999999993,4115517.0,27.43152,0.0033333333333333335,18172.119999999984,5087470.0,27.43152,0.0044444444444444444,19806.129999999997,5052873.0,27.43152,0.0011111111111111113,-1243.3800000000083,1.2361678982251805,0.0,-0.5,0.0022222222222222222,390.63000000000466,1.2277614209830745,0.0,-1.0,0.001111111111111111,1634.010000000013,0.9931995667787722,0.0,-0.33333333333333326
obss_geometry_mac,obss-geometry-mac-qualification-p17,17,21070,1,0.0011111111111111111,12994.369999999997,3637107.0,27.30608,0.0011111111111111111,10617.209999999997,3586596.0,27.30608,0.0,9222.52,3903068.0,27.30608,0.0,-2377.16,0.9861123139902126,0.0,0.0,-0.0011111111111111111,-3771.8499999999967,1.0731243265595432,0.0,1.0,-0.0011111111111111111,-1394.6899999999969,1.0882374262392531,0.0,1.0
obss_geometry_mac,obss-geometry-mac-qualification-p17,17,21071,1,0.006111111111111111,17588.159999999996,4250515.0,26.01328,0.002777777777777778,17355.46,5411047.0,26.01328,0.0038888888888888888,20007.599999999977,5356859.0,26.01328,-0.0033333333333333335,-232.6999999999971,1.2730332677334393,0.0,0.5454545454545454,-0.0022222222222222227,2419.4399999999805,1.2602846949134399,0.0,0.36363636363636365,0.001111111111111111,2652.1399999999776,0.989985671904162,0.0,-0.3999999999999999
obss_geometry_mac,obss-geometry-mac-qualification-p17,17,21072,1,0.0,7926.5599999999995,3391866.0,25.912,0.0,12775.73,3677974.0,25.912,0.0,9540.349999999991,3922282.0,25.912,0.0,4849.17,1.0843512096291539,0.0,,0.0,1613.7899999999918,1.1563788192104287,0.0,,0.0,-3235.3800000000083,1.0664246131158077,0.0,
obss_geometry_mac,obss-geometry-mac-qualification-p18,18,21073,1,0.020555555555555556,24812.19999999999,4672173.0,26.86048,0.024444444444444446,27414.750000000007,6174657.0,26.86048,0.03,29652.29999999998,6171654.0,26.86048,0.0038888888888888896,2602.5500000000175,1.3215814140443858,0.0,-0.18918918918918926,0.009444444444444443,4840.099999999991,1.3209386724335763,0.0,-0.45945945945945943,0.005555555555555553,2237.549999999974,0.9995136571958572,0.0,-0.22727272727272707
obss_geometry_mac,obss-geometry-mac-qualification-p18,18,21074,1,0.0038888888888888888,19158.23999999996,3983457.0,26.28144,0.007222222222222222,22989.25999999998,5214840.0,26.28144,0.02,24754.06999999999,5098562.0,26.28144,0.003333333333333333,3831.0200000000186,1.3091242104533827,0.0,-0.8571428571428572,0.01611111111111111,5595.830000000027,1.2799339869866802,0.0,-4.142857142857143,0.012777777777777779,1764.8100000000086,0.977702479845978,0.0,-1.7692307692307696
obss_geometry_mac,obss-geometry-mac-qualification-p18,18,21075,1,0.007222222222222222,18719.199999999953,4134234.0,26.67856,0.002777777777777778,17131.25999999998,5247817.0,26.67856,0.007222222222222222,18960.77999999996,5207284.0,26.67856,-0.004444444444444444,-1587.9399999999732,1.2693565482747227,0.0,0.6153846153846154,0.0,241.58000000000538,1.2595523136813251,0.0,0.0,0.004444444444444444,1829.5199999999786,0.992276216948876,0.0,-1.5999999999999996
obss_geometry_mac,obss-geometry-mac-qualification-p18,18,21076,1,0.0011111111111111111,10530.319999999998,3345338.0,26.27424,0.0005555555555555556,12260.979999999985,3455443.0,26.27424,0.0,9001.739999999998,3746589.0,26.27424,-0.0005555555555555556,1730.6599999999871,1.0329129672397825,0.0,0.5,-0.0011111111111111111,-1528.58,1.1199433360694793,0.0,1.0,-0.0005555555555555556,-3259.239999999987,1.0842572139086073,0.0,1.0
obss_geometry_mac,obss-geometry-mac-qualification-p19,19,21077,1,0.01,26930.06,4821183.0,26.70096,0.0077777777777777776,21906.000000000025,5468046.0,26.6968,0.007222222222222222,20405.03999999999,5645936.0,26.69968,-0.0022222222222222227,-5024.059999999976,1.134171011554633,0.00015579964166079208,0.2222222222222222,-0.0027777777777777783,-6525.020000000011,1.171068594575232,4.7938351280141234e-05,0.2777777777777778,-0.0005555555555555557,-1500.9600000000355,1.0325326451167383,-0.00010787809774948087,0.0714285714285714
obss_geometry_mac,obss-geometry-mac-qualification-p19,19,21078,1,0.007222222222222222,21016.96,4446115.0,26.56448,0.008888888888888889,24285.57,5871890.0,26.56224,0.020555555555555556,24410.47999999997,5803613.0,26.56304,0.001666666666666667,3268.6100000000006,1.3206788398410747,8.432312621964311e-05,-0.23076923076923084,0.013333333333333334,3393.5199999999713,1.3053222869853793,5.420772399833407e-05,-1.8461538461538463,0.011666666666666667,124.90999999997075,0.9883722276813769,-3.0117941860474673e-05,-1.3125
obss_geometry_mac,obss-geometry-mac-qualification-p19,19,21079,1,0.0005555555555555556,11153.039999999995,3438428.0,26.5264,0.0005555555555555556,9730.599999999997,3336688.0,26.5216,0.0,8123.769999999997,3717176.0,26.52176,0.0,-1422.4399999999987,0.9704108970727321,0.0001809518065021276,0.0,-0.0005555555555555556,-3029.2699999999986,1.0810684417414005,0.00017492007961872336,1.0,-0.0005555555555555556,-1606.83,1.1140316385589544,-6.032818532952788e-06,1.0
obss_geometry_mac,obss-geometry-mac-qualification-p19,19,21080,1,0.027777777777777776,27344.969999999998,5796144.0,27.68432,0.025,25928.24000000004,6301368.0,27.68544,0.018333333333333333,26610.71999999998,6598126.0,27.68416,-0.002777777777777775,-1416.729999999956,1.0871655362599686,-4.04561137856696e-05,0.09999999999999987,-0.009444444444444443,-734.2500000000182,1.1383647473216676,5.77944482660353e-06,0.33999999999999997,-0.006666666666666668,682.4799999999377,1.047094218271334,4.623368817691098e-05,0.2666666666666667
obss_geometry_mac,obss-geometry-mac-qualification-p20,20,21081,1,0.002777777777777778,15700.759999999964,3974653.0,25.29168,0.0005555555555555556,12172.459999999997,4043169.0,25.29168,0.0005555555555555556,10489.599999999999,4337073.0,25.29168,-0.0022222222222222222,-3528.2999999999665,1.0172382343817183,0.0,0.8,-0.0022222222222222222,-5211.159999999965,1.091182802624531,0.0,0.8,0.0,-1682.8599999999988,1.072691495210811,0.0,0.0
obss_geometry_mac,obss-geometry-mac-qualification-p20,20,21082,1,0.017222222222222222,25588.399999999994,4907216.0,26.53584,0.023333333333333334,26983.750000000015,6033669.0,26.53584,0.026111111111111113,26756.240000000005,6181037.0,26.53584,0.006111111111111112,1395.3500000000204,1.2295503193664188,0.0,-0.3548387096774195,0.00888888888888889,1167.840000000011,1.2595811963443224,0.0,-0.5161290322580647,0.0027777777777777783,-227.5100000000093,1.0244242765057214,0.0,-0.11904761904761907
obss_geometry_mac,obss-geometry-mac-qualification-p20,20,21083,1,0.008333333333333333,24165.560000000074,4277791.0,27.28768,0.0005555555555555556,10541.559999999996,3823994.0,27.28768,0.0,9800.38,4325232.0,27.28768,-0.0077777777777777776,-13624.000000000078,0.8939179123056736,0.0,0.9333333333333333,-0.008333333333333333,-14365.180000000075,1.011090069617707,0.0,1.0,-0.0005555555555555556,-741.1799999999967,1.131077088510076,0.0,1.0
obss_geometry_mac,obss-geometry-mac-qualification-p20,20,21084,1,0.028333333333333332,27441.76,5468550.0,26.7408,0.025,26096.4,6108509.0,26.7408,0.02388888888888889,25484.4,6365810.0,26.7408,-0.0033333333333333305,-1345.359999999997,1.1170253540700916,0.0,0.11764705882352933,-0.004444444444444442,-1957.359999999997,1.1640764005083615,0.0,0.1568627450980391,-0.0011111111111111113,-612.0,1.0421217354349481,0.0,0.0444444444444444
video_workload,video-workload-qualification-p16,16,21097,1,0.020555555555555556,13620.75,6295758.0,25.71696,0.03138888888888889,13349.319999999996,7452395.0,25.712,0.0375,13682.920000000006,7430938.0,25.71168,0.010833333333333334,-271.43000000000393,1.183716877300557,0.00019286883053049042,-0.527027027027027,0.016944444444444443,62.17000000000553,1.1803087094516658,0.00020531198088724611,-0.8243243243243241,0.006111111111111109,333.60000000000946,0.9971207913697543,1.2445550715556308e-05,-0.19469026548672552
video_workload,video-workload-qualification-p16,16,21098,1,0.03305555555555555,14133.399999999983,6664478.0,26.43808,0.051111111111111114,14226.599999999995,7762989.0,26.43744,0.042777777777777776,14092.150000000016,7844938.0,26.43856,0.01805555555555556,93.20000000001164,1.1648307639398015,2.4207506747919716e-05,-0.5462184873949583,0.009722222222222222,-41.24999999996726,1.177127150843622,-1.815563006091203e-05,-0.2941176470588236,-0.008333333333333338,-134.4499999999789,1.0105563720365958,-4.236416233949214e-05,0.16304347826086962
video_workload,video-workload-qualification-p16,16,21099,1,0.0005555555555555556,4671.0599999999995,4260897.0,26.40464,0.0,5023.089999999998,4343803.0,26.40416,0.0,4045.079999999998,4470446.0,26.40416,-0.0005555555555555556,352.02999999999884,1.01945740533038,1.817862315112162e-05,1.0,-0.0005555555555555556,-625.9800000000014,1.0491795506908521,1.817862315112162e-05,1.0,0.0,-978.0100000000002,1.0291548672902524,0.0,
video_workload,video-workload-qualification-p16,16,21100,1,0.01888888888888889,13158.76,6046872.0,26.38944,0.02861111111111111,13571.44,7446058.0,26.3856,0.03388888888888889,13851.0,7414359.0,26.3864,0.009722222222222222,412.6800000000003,1.2313900476147006,0.00014551275055474377,-0.5147058823529411,0.015000000000000003,692.2399999999998,1.2261478331276072,0.00011519759418932018,-0.7941176470588236,0.0052777777777777805,279.5599999999995,0.9957428480949249,-3.0319568249170814e-05,-0.18446601941747587
video_workload,video-workload-qualification-p17,17,21101,1,0.01361111111111111,12650.0,8048148.0,27.15184,0.005,11304.66000000001,8232064.0,27.14928,0.0033333333333333335,10904.280000000017,8304776.0,27.14832,-0.008611111111111111,-1345.3399999999892,1.0228519654459636,9.428458623794711e-05,0.6326530612244898,-0.010277777777777776,-1745.719999999983,1.0318865905547463,0.0001296413060772883,0.7551020408163265,-0.0016666666666666666,-400.37999999999374,1.0088327787539066,3.5360053747379716e-05,0.33333333333333326
video_workload,video-workload-qualification-p17,17,21102,1,0.04611111111111111,14613.44000000001,9735274.0,26.89984,0.09305555555555556,15334.32,12276714.0,26.892,0.08888888888888889,15363.68,12177778.0,26.892,0.04694444444444445,720.8799999999901,1.261054799279404,0.00029145154766729853,-1.0180722891566267,0.04277777777777778,750.2399999999907,1.2508921680067762,0.00029145154766729853,-0.9277108433734942,-0.004166666666666666,29.360000000000582,0.9919411660155967,0.0,0.04477611940298509
video_workload,video-workload-qualification-p17,17,21103,1,0.002777777777777778,9149.960000000005,7077336.0,26.924,0.0030555555555555557,9914.2,7663974.0,26.92208,0.0030555555555555557,9916.959999999997,7580995.0,26.92208,0.00027777777777777783,764.2399999999961,1.0828896635683256,7.131184073683183e-05,-0.10000000000000009,0.00027777777777777783,766.9999999999927,1.0711650541955335,7.131184073683183e-05,-0.10000000000000009,0.0,2.7599999999965803,0.9891728494903558,0.0,0.0
video_workload,video-workload-qualification-p17,17,21104,1,0.05333333333333334,14686.369999999999,10120993.0,25.99472,0.08277777777777778,15275.949999999977,11248812.0,25.99136,0.07666666666666666,14951.55,11409881.0,25.99136,0.029444444444444447,589.5799999999781,1.1114336310676236,0.0001292570183483166,-0.5520833333333333,0.023333333333333324,265.1800000000003,1.127347978602495,0.0001292570183483166,-0.4374999999999998,-0.006111111111111123,-324.3999999999778,1.0143187565051315,0.0,0.07382550335570481
video_workload,video-workload-qualification-p18,18,21105,1,0.015277777777777777,23469.93999999998,3730509.0,25.91616,0.001388888888888889,9991.519999999964,3423064.0,25.92096,0.001388888888888889,10427.18999999994,3865414.0,25.92096,-0.013888888888888888,-13478.420000000016,0.9175863132886156,-0.00018521262409243455,0.9090909090909091,-0.013888888888888888,-13042.75000000004,1.0361626255291168,-0.00018521262409243455,0.9090909090909091,0.0,435.6699999999764,1.1292263305623267,0.0,0.0
video_workload,video-workload-qualification-p18,18,21106,1,0.013888888888888888,28509.799999999985,4253464.0,27.52048,0.014583333333333334,32573.859999999888,5142269.0,27.51904,0.010416666666666666,28713.64,5205182.0,27.5192,0.0006944444444444454,4064.059999999903,1.208960273320757,5.232466875570996e-05,-0.050000000000000044,-0.003472222222222222,203.8400000000147,1.2237512766065495,4.651081667172985e-05,0.25,-0.0041666666666666675,-3860.2199999998884,1.012234482482344,-5.814156307737406e-06,0.2857142857142858
video_workload,video-workload-qualification-p18,18,21107,1,0.003472222222222222,24749.50000000004,4163346.0,26.88192,0.003472222222222222,25465.400000000038,4789406.0,26.88,0.002777777777777778,24655.40000000002,4849203.0,26.88,0.0,715.8999999999978,1.1503742422561085,7.142346975219649e-05,0.0,-0.0006944444444444441,-94.10000000002037,1.1647369687746347,7.142346975219649e-05,0.19999999999999996,-0.0006944444444444441,-810.0000000000182,1.0124852643521973,0.0,0.19999999999999996
video_workload,video-workload-qualification-p18,18,21108,1,0.004861111111111111,20900.20000000002,3555296.0,27.11712,0.0,10179.77999999998,3421383.0,27.11904,0.0,10166.909999999976,3730881.0,27.11904,-0.004861111111111111,-10720.420000000038,0.9623342191479978,-7.08039791834647e-05,1.0,-0.004861111111111111,-10733.290000000043,1.049386886492714,-7.08039791834647e-05,1.0,0.0,-12.870000000004438,1.0904599105098727,0.0,
video_workload,video-workload-qualification-p19,19,21109,1,0.012777777777777779,19824.68,4213177.0,26.1664,0.008888888888888889,22980.310000000063,5266440.0,26.1608,0.010555555555555556,21194.20000000002,5361398.0,26.16192,-0.0038888888888888896,3155.630000000063,1.2499925827944092,0.0002140149198973651,0.30434782608695654,-0.0022222222222222227,1369.5200000000186,1.2725309190665381,0.00017121193591784767,0.17391304347826086,0.001666666666666667,-1786.1100000000442,1.0180307760080813,-4.2812146417547936e-05,-0.1875
video_workload,video-workload-qualification-p19,19,21110,1,0.0011111111111111111,11826.989999999987,3130855.0,26.46544,0.0,7944.53,2958738.0,26.46528,0.0,6000.5199999999995,3310242.0,26.46528,-0.0011111111111111111,-3882.4599999999873,0.9450255601105768,6.045620250416661e-06,1.0,-0.0011111111111111111,-5826.4699999999875,1.057296489297652,6.045620250416661e-06,1.0,0.0,-1944.0100000000002,1.1188020027457652,0.0,
video_workload,video-workload-qualification-p19,19,21111,1,0.013333333333333334,23746.0,4458368.0,26.32288,0.0077777777777777776,21006.850000000017,5284298.0,26.32288,0.005,19424.499999999967,5470120.0,26.32288,-0.005555555555555557,-2739.1499999999833,1.1852538866239843,0.0,0.41666666666666674,-0.008333333333333335,-4321.500000000033,1.2269332634721943,0.0,0.625,-0.0027777777777777775,-1582.3500000000495,1.0351649358155046,0.0,0.3571428571428571
video_workload,video-workload-qualification-p19,19,21112,1,0.007222222222222222,18514.159999999974,3766393.0,26.42464,0.0011111111111111111,9976.669999999996,3343586.0,26.42544,0.0011111111111111111,8801.159999999998,3815841.0,26.42576,-0.0061111111111111106,-8537.489999999978,0.8877421979065913,-3.0274773847427383e-05,0.8461538461538461,-0.0061111111111111106,-9712.999999999976,1.0131287414775887,-4.238468338635393e-05,0.8461538461538461,0.0,-1175.5099999999984,1.1412420676483273,-1.21095429252982e-05,0.0
video_workload,video-workload-qualification-p20,20,21113,1,0.015185185185185185,14677.660000000013,4356828.0,27.10624,0.015185185185185185,14128.260000000007,5614494.0,27.10736,0.025185185185185185,15531.360000000019,5602393.0,27.10736,0.0,-549.4000000000051,1.2886655153703566,-4.13188992645086e-05,0.0,0.01,853.7000000000062,1.2858880359747964,-4.13188992645086e-05,-0.6585365853658536,0.01,1403.1000000000113,0.9978446855584849,0.0,-0.6585365853658536
video_workload,video-workload-qualification-p20,20,21114,1,0.0014814814814814814,9012.150000000032,3211809.0,26.10704,0.00037037037037037035,4717.48,3027281.0,26.1048,0.0,3850.0099999999998,3202838.0,26.1048,-0.0011111111111111111,-4294.670000000033,0.9425470194522775,8.58006116357668e-05,0.75,-0.0014814814814814814,-5162.140000000032,0.9972068700224702,8.58006116357668e-05,1.0,-0.00037037037037037035,-867.4699999999998,1.0579916433261398,0.0,1.0
video_workload,video-workload-qualification-p20,20,21115,1,0.014074074074074074,14927.409999999998,4358800.0,26.30848,0.0033333333333333335,13240.199999999993,4802044.0,26.30592,0.0025925925925925925,12077.119999999977,5039504.0,26.30848,-0.01074074074074074,-1687.2100000000046,1.1016894558135266,9.730702800003765e-05,0.763157894736842,-0.011481481481481481,-2850.290000000021,1.1561677525924567,0.0,0.8157894736842105,-0.000740740740740741,-1163.0800000000163,1.0494497759703993,-9.731649757926952e-05,0.22222222222222232
video_workload,video-workload-qualification-p20,20,21116,1,0.00037037037037037035,9592.0,3445644.0,26.31536,0.0007407407407407407,8723.640000000018,3927237.0,26.3144,0.0011111111111111111,8019.239999999999,4046126.0,26.31376,0.00037037037037037035,-868.3599999999824,1.139768647022153,3.64805953633196e-05,-1.0,0.0007407407407407408,-1572.7600000000011,1.1742727919657399,6.080099227223634e-05,-2.0,0.0003703703703703704,-704.4000000000187,1.0302729374366761,2.432128416385293e-05,-0.5
legacy_coexistence,legacy-coexistence-qualification-p16,16,21129,1,0.04555555555555556,28703.519999999997,5905180.0,26.74816,0.041666666666666664,28650.519999999997,5734110.0,26.74752,0.03222222222222222,27129.069999999985,6110536.0,26.74752,-0.003888888888888893,-53.0,0.9710305189680924,2.3926879456293015e-05,0.08536585365853666,-0.013333333333333336,-1574.4500000000116,1.0347755699233554,2.3926879456293015e-05,0.29268292682926833,-0.009444444444444443,-1521.4500000000116,1.06564680482237,0.0,0.22666666666666668
legacy_coexistence,legacy-coexistence-qualification-p16,16,21130,1,0.007222222222222222,19082.199999999903,4283465.0,26.35408,0.006111111111111111,18669.639999999985,4645438.0,26.35248,0.0038888888888888888,18913.43999999994,4725229.0,26.35248,-0.0011111111111111105,-412.55999999991764,1.0845047175592657,6.071166210319667e-05,0.15384615384615374,-0.003333333333333333,-168.75999999996202,1.1031323939847764,6.071166210319667e-05,0.46153846153846156,-0.0022222222222222227,243.79999999995562,1.017176205989618,0.0,0.36363636363636365
legacy_coexistence,legacy-coexistence-qualification-p16,16,21131,1,0.03666666666666667,29151.04,5412389.0,26.33856,0.07611111111111112,31266.799999999937,6795107.0,26.33536,0.065,31001.40000000001,6854509.0,26.33488,0.03944444444444445,2115.7599999999366,1.2554727681251292,0.00012149487291635008,-1.0757575757575757,0.028333333333333335,1850.3600000000079,1.266447958563215,0.00013971910385390807,-0.7727272727272727,-0.011111111111111113,-265.3999999999287,1.0087418785311255,1.8226445357205634e-05,0.14598540145985406
legacy_coexistence,legacy-coexistence-qualification-p16,16,21132,1,0.024444444444444446,26971.450000000004,4608620.0,26.82624,0.002777777777777778,19225.039999999997,3958777.0,26.824,0.0038888888888888888,18638.839999999946,3999266.0,26.824,-0.021666666666666667,-7746.410000000007,0.8589940155621423,8.350033400117418e-05,0.8863636363636364,-0.020555555555555556,-8332.610000000059,0.8677795088334469,8.350033400117418e-05,0.8409090909090909,0.001111111111111111,-586.2000000000517,1.010227653641516,0.0,-0.3999999999999999
legacy_coexistence,legacy-coexistence-qualification-p17,17,21133,1,0.28888888888888886,31762.880000000005,6108052.0,26.97504,0.6338888888888888,32700.759999999995,7752045.0,26.95952,0.6138888888888889,32543.91999999999,7907126.0,26.95808,0.345,937.8799999999901,1.2691517688454519,0.0005753466908667848,-1.1942307692307694,0.32500000000000007,781.0399999999863,1.2945413693269148,0.0006287293735246502,-1.1250000000000004,-0.019999999999999907,-156.84000000000378,1.020005172828589,5.3413413888758754e-05,0.03155127081507436
legacy_coexistence,legacy-coexistence-qualification-p17,17,21134,1,0.17555555555555555,30320.89000000001,5337960.0,26.65712,0.20833333333333334,31960.52,5721226.0,26.5968,0.19,32089.52000000001,5933894.0,26.59696,0.032777777777777795,1639.62999999999,1.0718000884232928,0.0022628100860107025,-0.18670886075949378,0.014444444444444454,1768.630000000001,1.1116407766262768,0.0022568079372414784,-0.08227848101265822,-0.01833333333333334,129.0000000000109,1.0371717530473363,-6.015761294442257e-06,0.08800000000000008
legacy_coexistence,legacy-coexistence-qualification-p17,17,21135,1,0.2738888888888889,31470.400000000005,6116091.0,26.19152,0.4911111111111111,32702.350000000006,7337508.0,26.15104,0.4866666666666667,32298.92,7540054.0,26.1496,0.2172222222222222,1231.9500000000007,1.1997054981686832,0.0015455384032695418,-0.7931034482758619,0.2127777777777778,828.5199999999932,1.2328224024135677,0.001600518030263287,-0.7768762677484786,-0.0044444444444444176,-403.43000000000757,1.027604194775665,5.5064731651177645e-05,0.009049773755656076
legacy_coexistence,legacy-coexistence-qualification-p17,17,21136,1,0.4711111111111111,32145.350000000002,7491421.0,27.7848,0.5622222222222222,32895.51,7307596.0,27.72992,0.5522222222222222,32937.950000000004,7725310.0,27.73344,0.09111111111111109,750.1599999999999,0.975461931721632,0.0019751806743255607,-0.19339622641509435,0.08111111111111108,792.6000000000022,1.0312209125611818,0.0018484927010451457,-0.1721698113207546,-0.010000000000000009,42.44000000000233,1.05716161648783,-0.00012693870014768294,0.017786561264822143
legacy_coexistence,legacy-coexistence-qualification-p18,18,21137,1,0.1111111111111111,30321.809999999998,5359479.0,27.6792,0.255,32015.59999999999,7466744.0,27.68112,0.2538888888888889,32060.82,7504417.0,27.68544,0.1438888888888889,1693.7899999999936,1.393184673360974,-6.936616665220718e-05,-1.2950000000000004,0.14277777777777778,1739.010000000002,1.400213901388549,-0.00022544004161972886,-1.2850000000000001,-0.0011111111111111183,45.22000000000844,1.005045438815098,-0.00015606304947191063,0.004357298474945592
legacy_coexistence,legacy-coexistence-qualification-p18,18,21138,1,0.11444444444444445,29979.149999999965,5509512.0,25.60048,0.2877777777777778,32056.32,7607792.0,25.59072,0.2861111111111111,31868.84000000001,7676965.0,25.59472,0.17333333333333334,2077.1700000000346,1.3808467973207064,0.00038124285169649497,-1.5145631067961167,0.17166666666666663,1889.690000000046,1.3934019927717736,0.00022499578132917364,-1.5,-0.0016666666666667052,-187.47999999998865,1.0090923884354357,-0.00015630666116450698,0.005791505791505891
legacy_coexistence,legacy-coexistence-qualification-p18,18,21139,1,0.145,30986.15999999999,5735444.0,26.02192,0.19277777777777777,31884.680000000008,6178917.0,26.01984,0.18888888888888888,31867.180000000022,6432435.0,26.01792,0.04777777777777778,898.5200000000186,1.0773214767679713,7.993261066063795e-05,-0.3295019157088124,0.043888888888888894,881.0200000000332,1.1215234600843458,0.00015371655896267988,-0.30268199233716486,-0.003888888888888886,-17.499999999985448,1.0410295202217477,7.378984651706944e-05,0.02017291066282423
legacy_coexistence,legacy-coexistence-qualification-p18,18,21140,1,0.1527777777777778,30955.68,5592798.0,26.87904,0.38333333333333336,31655.74000000001,8228103.0,26.85376,0.37722222222222224,31643.59999999999,8186190.0,26.852,0.23055555555555557,700.0600000000086,1.4711961705035654,0.0009405097801111761,-1.5090909090909093,0.22444444444444445,687.919999999991,1.463702068267082,0.0010059883091062538,-1.4690909090909088,-0.006111111111111123,-12.140000000017608,0.9949061162700564,6.5540170166134e-05,0.01594202898550723
legacy_coexistence,legacy-coexistence-qualification-p19,19,21141,1,0.018333333333333333,24405.55999999999,3985390.0,26.82832,0.014444444444444444,24880.949999999997,4794638.0,22.93024,0.008333333333333333,23812.840000000047,4808341.0,22.92976,-0.0038888888888888896,475.3900000000067,1.2030536534692966,0.14529720832314508,0.21212121212121215,-0.01,-592.719999999943,1.206491961890806,0.14531509986462066,0.5454545454545454,-0.0061111111111111106,-1068.1099999999497,1.0028579842732652,2.0933056086636093e-05,0.423076923076923
legacy_coexistence,legacy-coexistence-qualification-p19,19,21142,1,0.09277777777777778,30309.480000000003,5323596.0,25.49024,0.2961111111111111,32337.959999999995,7537048.0,25.48384,0.295,31851.719999999987,7543368.0,25.48176,0.2033333333333333,2028.4799999999923,1.4157813628231743,0.0002510764904527507,-2.1916167664670656,0.2022222222222222,1542.2399999999834,1.4169685302941846,0.000332676349849903,-2.179640718562874,-0.0011111111111111183,-486.2400000000089,1.0008385245788536,8.162035234871023e-05,0.0037523452157598447
legacy_coexistence,legacy-coexistence-qualification-p19,19,21143,1,0.06722222222222222,30859.600000000006,4807880.0,26.4584,0.013333333333333334,26726.75,4687854.0,26.44832,0.014444444444444444,25948.339999999997,4933253.0,26.44976,-0.05388888888888889,-4132.850000000006,0.9750355666114795,0.00038097541801473955,0.8016528925619835,-0.052777777777777785,-4911.260000000009,1.0260765659708646,0.00032655035829831647,0.7851239669421488,0.0011111111111111096,-778.4100000000035,1.0523478333582914,-5.4445802228686446e-05,-0.08333333333333326
legacy_coexistence,legacy-coexistence-qualification-p19,19,21144,1,0.06833333333333333,28931.4,4771764.0,27.18592,0.1738888888888889,31227.420000000016,7053667.0,27.18256,0.17444444444444446,31382.750000000004,7017242.0,27.18272,0.10555555555555557,2296.020000000015,1.4782095258692594,0.00012359338951928311,-1.5447154471544717,0.10611111111111113,2451.350000000002,1.4705760804599723,0.000117707990018312,-1.552845528455285,0.0005555555555555591,155.3299999999872,0.9948360193357583,-5.886126987375562e-06,-0.0031948881789136685
legacy_coexistence,legacy-coexistence-qualification-p20,20,21145,1,0.02722222222222222,24116.0,3877993.0,27.17936,0.06944444444444445,28746.6,5636968.0,27.18224,0.06722222222222222,29058.000000000007,5560284.0,27.18288,0.04222222222222223,4630.5999999999985,1.4535786939275033,-0.00010596275997665217,-1.5510204081632657,0.04000000000000001,4942.000000000007,1.4338045478679307,-0.00012951003997163646,-1.4693877551020411,-0.0022222222222222227,311.40000000000873,0.9863962328684498,-2.3544785124451906e-05,0.03200000000000003
legacy_coexistence,legacy-coexistence-qualification-p20,20,21146,1,0.05722222222222222,27748.76,5165004.0,26.79344,0.1738888888888889,30579.660000000003,6920110.0,26.77552,0.1711111111111111,30756.639999999963,7057456.0,26.77264,0.11666666666666667,2830.900000000005,1.3398072876613454,0.0006688204276867893,-2.0388349514563107,0.11388888888888887,3007.8799999999646,1.3663989418014004,0.0007763094249936264,-1.9902912621359223,-0.0027777777777777957,176.97999999995955,1.0198473723683583,0.00010756093625818863,0.015974440894568787
legacy_coexistence,legacy-coexistence-qualification-p20,20,21147,1,0.024444444444444446,25612.100000000017,4136589.0,27.09536,0.0961111111111111,28776.4,6323040.0,27.0984,0.09777777777777778,30102.66999999999,6215637.0,27.0984,0.07166666666666666,3164.2999999999847,1.5285637514386854,-0.0001121963317705088,-2.931818181818181,0.07333333333333333,4490.569999999974,1.5025996056170918,-0.0001121963317705088,-3.0,0.0016666666666666774,1326.2699999999895,0.9830140248994155,0.0,-0.017341040462427904
legacy_coexistence,legacy-coexistence-qualification-p20,20,21148,1,0.0022222222222222222,13605.699999999968,3449242.0,25.71536,0.006666666666666667,20070.85999999994,4234357.0,25.71632,0.0044444444444444444,17685.14999999994,4252433.0,25.71632,0.004444444444444445,6465.159999999971,1.2276195755473231,-3.733177369480423e-05,-2.0,0.0022222222222222222,4079.4499999999716,1.232860147243945,-3.733177369480423e-05,-1.0,-0.0022222222222222227,-2385.709999999999,1.0042688889954248,0.0,0.33333333333333337
compound_shift,compound-shift-qualification-p16,16,21161,1,0.25416666666666665,37505.74,3593477.0,39.58336,0.31527777777777777,39897.35,3893101.0,39.54496,0.2972222222222222,40243.02,4123715.0,39.55408,0.061111111111111116,2391.6100000000006,1.0833799687600616,0.0009701046096136645,-0.2404371584699454,0.04305555555555557,2737.279999999999,1.14755569605705,0.0007397047648304289,-0.1693989071038251,-0.018055555555555547,345.66999999999825,1.0592365828680017,-0.0002306235737752349,0.05726872246696035
compound_shift,compound-shift-qualification-p16,16,21162,1,0.39375,39247.12,4094336.0,39.34384,0.6625,41003.49999999999,5887268.0,39.35696,0.6472222222222223,40833.65,6071470.0,39.34672,0.26875,1756.37999999999,1.437905438146747,-0.00033347024591390273,-0.6825396825396826,0.25347222222222227,1586.5299999999988,1.4828949065245256,-7.32007856882877e-05,-0.6437389770723105,-0.015277777777777724,-169.84999999999127,1.031288196834253,0.0002601826970376475,0.023060796645702264
compound_shift,compound-shift-qualification-p16,16,21163,1,0.27152777777777776,39530.4,3844329.0,39.23232,0.34305555555555556,40108.149999999994,4157252.0,39.1904,0.31805555555555554,39448.97,4460990.0,39.16176,0.0715277777777778,577.7499999999927,1.0813986003799363,0.0010685067821634142,-0.26342710997442476,0.04652777777777778,-81.43000000000029,1.1604079671641008,0.0017985171409694578,-0.17135549872122757,-0.025000000000000022,-659.179999999993,1.0730622055146044,0.0007307912141747419,0.07287449392712553
compound_shift,compound-shift-qualification-p16,16,21164,1,0.6715277777777777,40147.31999999999,5905661.0,39.88336,0.7472222222222222,41007.37,5482917.0,39.87664,0.7270833333333333,40935.15999999999,5859093.0,39.87072,0.07569444444444451,860.0500000000102,0.9284171577068172,0.00016849132069118866,-0.11271975180972094,0.05555555555555558,787.8399999999965,0.9921146845374295,0.00031692415082396064,-0.08273009307135482,-0.02013888888888893,-72.21000000001368,1.068608735094841,0.00014845784399097894,0.02695167286245359
compound_shift,compound-shift-qualification-p17,17,21165,1,0.042222222222222223,28018.469999999987,3742751.0,29.74496,0.20833333333333334,29068.199999999997,5346633.0,29.71936,0.175,29954.640000000014,5414592.0,29.71392,0.16611111111111113,1049.7300000000105,1.428530244197383,0.0008606500059168409,-3.9342105263157894,0.13277777777777777,1936.1700000000274,1.4466877438547208,0.001043538132174282,-3.144736842105263,-0.033333333333333354,886.4400000000169,1.0127106161952766,0.0001830456645095513,0.16000000000000014
compound_shift,compound-shift-qualification-p17,17,21166,1,0.10944444444444444,30410.719999999998,4538203.0,29.55696,0.1622222222222222,30232.540000000005,6366753.0,24.92144,0.1438888888888889,30557.599999999984,6347096.0,24.92112,0.05277777777777777,-178.17999999999302,1.402923800455819,0.15683344971878022,-0.48223350253807107,0.03444444444444446,146.87999999998647,1.3985923503201598,0.15684427627198472,-0.31472081218274117,-0.018333333333333313,325.0599999999795,0.9969125549554066,1.284034951443136e-05,0.11301369863013688
compound_shift,compound-shift-qualification-p17,17,21167,1,0.125,30815.6,4625535.0,29.51584,0.3877777777777778,31683.440000000002,6392287.0,29.47328,0.3844444444444444,32150.64000000001,6552219.0,29.47232,0.2627777777777778,867.8400000000038,1.3819562493852062,0.0014419376172252196,-2.102222222222222,0.2594444444444444,1335.0400000000118,1.416532141687394,0.0014744625258844568,-2.0755555555555554,-0.003333333333333355,467.200000000008,1.0250195274398661,3.257187527139216e-05,0.008595988538682042
compound_shift,compound-shift-qualification-p17,17,21168,1,0.030555555555555555,28330.399999999994,3757047.0,29.2032,0.125,31224.799999999996,5033874.0,29.2152,0.12666666666666668,31159.54,5060360.0,29.21568,0.09444444444444444,2894.4000000000015,1.3398485565924514,-0.00041091387245240085,-3.090909090909091,0.09611111111111112,2829.1400000000067,1.3468982421566724,-0.00042735042735042583,-3.1454545454545455,0.0016666666666666774,-65.25999999999476,1.0052615540237995,-1.6429803663786657e-05,-0.01333333333333342
compound_shift,compound-shift-qualification-p18,18,21169,1,0.008333333333333333,27156.260000000017,2943871.0,40.50992,0.035416666666666666,31820.95999999999,3839897.0,40.49616,0.02847222222222222,32700.37999999999,3797263.0,40.48416,0.027083333333333334,4664.699999999972,1.3043699944732632,0.00033966988826439337,-3.25,0.020138888888888887,5544.1199999999735,1.2898877022804327,0.0006358936280298488,-2.4166666666666665,-0.006944444444444444,879.4200000000019,0.9888970980211188,0.00029632439223870044,0.196078431372549
compound_shift,compound-shift-qualification-p18,18,21170,1,0.024305555555555556,23177.440000000013,2947837.0,40.22784,0.02361111111111111,29461.400000000012,3533751.0,40.2024,0.019444444444444445,28260.390000000043,3490405.0,40.20112,-0.0006944444444444454,6283.959999999999,1.198760650605851,0.0006323978617793768,0.02857142857142858,-0.004861111111111111,5082.95000000003,1.1840563097620391,0.0006642166221203505,0.19999999999999996,-0.004166666666666666,-1201.0099999999693,0.9877337141185103,3.1838895190205996e-05,0.17647058823529405
compound_shift,compound-shift-qualification-p18,18,21171,1,0.06319444444444444,32629.959999999992,3706327.0,40.28352,0.12916666666666668,38287.05,4896945.0,40.3008,0.125,37848.18000000001,4955110.0,40.3008,0.06597222222222224,5657.090000000011,1.3212393293953826,-0.0004289595348172526,-1.0439560439560442,0.06180555555555556,5218.220000000016,1.3369327638926625,-0.0004289595348172526,-0.9780219780219781,-0.00416666666666668,-438.86999999999534,1.0118778136164486,0.0,0.032258064516129115
compound_shift,compound-shift-qualification-p18,18,21172,1,0.013194444444444444,25230.79999999998,2833470.0,39.88752,0.013194444444444444,32489.399999999965,3374230.0,39.86576,0.009722222222222222,30257.75,3340123.0,39.86048,0.0,7258.599999999984,1.1908472650142758,0.0005455340417253041,0.0,-0.003472222222222222,5026.950000000019,1.1788100809255082,0.0006779062724381335,0.26315789473684215,-0.003472222222222222,-2231.649999999965,0.9898919160815949,0.00013244448368721073,0.26315789473684215
compound_shift,compound-shift-qualification-p19,19,21173,1,0.115,30254.15999999998,5269852.0,23.41152,0.2966666666666667,31649.54999999996,7481950.0,23.404,0.29444444444444445,31949.10999999999,7495077.0,23.40112,0.1816666666666667,1395.3899999999776,1.419764729635671,0.0003212093875152311,-1.5797101449275361,0.17944444444444446,1694.950000000008,1.4222556914311826,0.00044422574869129594,-1.5603864734299515,-0.0022222222222222365,299.5600000000304,1.0017544891371901,0.00012305588788241728,0.0074906367041198685
compound_shift,compound-shift-qualification-p19,19,21174,1,0.10944444444444444,30242.780000000002,5865362.0,22.8432,0.24388888888888888,31892.200000000004,7042530.0,22.828,0.235,31786.440000000002,7221929.0,22.82944,0.13444444444444442,1649.420000000002,1.20069826892185,0.0006654058975975596,-1.2284263959390862,0.12555555555555553,1543.6599999999999,1.2312844458705192,0.0006023674441408833,-1.1472081218274113,-0.00888888888888889,-105.76000000000204,1.0254736579041908,-6.308042754521459e-05,0.036446469248291535
compound_shift,compound-shift-qualification-p19,19,21175,1,0.07555555555555556,28336.53999999997,4851820.0,22.33808,0.3333333333333333,32072.109999999997,7480620.0,22.33568,0.32055555555555554,32066.999999999996,7475961.0,22.336,0.2577777777777778,3735.570000000025,1.5418172974265327,0.00010743985158978564,-3.4117647058823524,0.245,3730.4600000000246,1.5408570392141505,9.311453804461411e-05,-3.242647058823529,-0.012777777777777777,-5.110000000000582,0.9993771906606672,-1.4326852820101266e-05,0.03833333333333333
compound_shift,compound-shift-qualification-p19,19,21176,1,0.057777777777777775,26493.79999999997,4697738.0,22.43056,0.21166666666666667,32143.57999999999,6500651.0,22.4256,0.20666666666666667,32142.58,6495463.0,22.42288,0.1538888888888889,5649.780000000021,1.3837832165182478,0.00022112689116993156,-2.6634615384615388,0.1488888888888889,5648.780000000032,1.3826788552277713,0.0003423900250373313,-2.576923076923077,-0.0050000000000000044,-0.9999999999890861,0.9992019260840184,0.0001212899543379109,0.023622047244094557
compound_shift,compound-shift-qualification-p21,21,21181,1,0.09111111111111111,20028.339999999997,6287851.0,22.32,0.05,19536.24,6103808.0,22.67408,0.04407407407407407,19534.6,6516124.0,22.67344,-0.04111111111111111,-492.0999999999949,0.9707303814928184,-0.015863799283154068,0.4512195121951219,-0.047037037037037044,-493.73999999999796,1.0363038182679583,-0.015835125448028675,0.5162601626016261,-0.005925925925925932,-1.640000000003056,1.0675506175816802,2.822606253483073e-05,0.11851851851851858
compound_shift,compound-shift-qualification-p21,21,21182,1,0.13148148148148148,20549.639999999996,6750937.0,21.77792,0.24037037037037037,20855.0,8956176.0,22.15008,0.21814814814814815,21239.300000000007,9112850.0,22.14896,0.1088888888888889,305.3600000000042,1.326656729280691,-0.017088867991066126,-0.828169014084507,0.08666666666666667,689.6600000000108,1.3498644706653313,-0.01703743975549532,-0.6591549295774648,-0.022222222222222227,384.30000000000655,1.01749340343468,5.056415146131865e-05,0.0924499229583976
compound_shift,compound-shift-qualification-p21,21,21183,1,0.10148148148148148,20834.0,6689138.0,21.60576,0.14851851851851852,21034.179999999997,7854018.0,21.59984,0.13444444444444445,20724.399999999998,8087445.0,21.59904,0.047037037037037044,200.17999999999665,1.174145009416759,0.00027400100713881326,-0.46350364963503665,0.03296296296296297,-109.60000000000218,1.2090414340382871,0.0003110281702657369,-0.3248175182481752,-0.014074074074074072,-309.77999999999884,1.029720711106086,3.7037311387599914e-05,0.09476309226932667
compound_shift,compound-shift-qualification-p21,21,21184,1,0.10407407407407407,20414.600000000002,6532578.0,19.41504,0.2548148148148148,21527.139999999996,8580691.0,22.09328,0.2337037037037037,21335.36,8939741.0,22.09328,0.15074074074074076,1112.5399999999936,1.3135229307633218,-0.1379466640295357,-1.4483985765124556,0.12962962962962962,920.7599999999984,1.368485917810702,-0.1379466640295357,-1.2455516014234878,-0.021111111111111136,-191.7799999999952,1.0418439493975484,0.0,0.08284883720930247
