comparison_id,candidate_arm_id,baseline_arm_id,family_id,scenario_id,candidate__all_generated_deadline_miss_rate,baseline__all_generated_deadline_miss_rate,candidate__completed_frame_hf7_p99_us,baseline__completed_frame_hf7_p99_us,candidate__sender_airtime_us,baseline__sender_airtime_us,candidate__background_throughput_mbps,baseline__background_throughput_mbps,deadline_miss_delta,completed_p99_delta_us,sender_airtime_ratio,background_throughput_loss,relative_deadline_miss_reduction
score_aware_t2_v2_minus_str_mlo_nmaxinflights_1,score_aware_t2_v2,str_mlo_nmaxinflights_1,radio_propagation,radio-propagation-qualification-p16,0.00125,0.0020833333333333333,12892.752499999995,12054.209999999995,4084227.5,3617037.25,26.792160000000003,26.79208,-0.0008333333333333333,838.5424999999996,1.1291637928251914,-2.985957044066012e-06,0.4
score_aware_t2_v2_minus_str_mlo_nmaxinflights_1,score_aware_t2_v2,str_mlo_nmaxinflights_1,radio_propagation,radio-propagation-qualification-p17,0.24625,0.18847222222222224,31900.142499999998,31516.317500000005,13610812.0,9971326.5,26.59036,26.59324,0.05777777777777776,383.82499999999345,1.3649951187537586,0.00010829819909119465,-0.3065585851142225
score_aware_t2_v2_minus_str_mlo_nmaxinflights_1,score_aware_t2_v2,str_mlo_nmaxinflights_1,radio_propagation,radio-propagation-qualification-p18,0.0044444444444444444,0.006527777777777778,14473.929999999997,16879.689999999984,4334138.0,4082809.5,26.50908,26.51228,-0.0020833333333333337,-2405.7599999999875,1.061557733712533,0.00012069878561937752,0.3191489361702128
score_aware_t2_v2_minus_str_mlo_nmaxinflights_1,score_aware_t2_v2,str_mlo_nmaxinflights_1,radio_propagation,radio-propagation-qualification-p19,0.008472222222222223,0.009166666666666667,19852.574999999986,20683.410000000018,5293275.75,4443484.0,27.08032,27.08228,-0.0006944444444444437,-830.8350000000319,1.19124447168033,7.237204548515841e-05,0.07575757575757569
score_aware_t2_v2_minus_str_mlo_nmaxinflights_1,score_aware_t2_v2,str_mlo_nmaxinflights_1,radio_propagation,radio-propagation-qualification-p20,0.08555555555555557,0.06958333333333333,26998.547499999986,27881.55250000002,8131806.75,6837293.0,26.643440000000002,26.647,0.015972222222222235,-883.0050000000338,1.1893313260086997,0.0001335985289149244,-0.22954091816367295
score_aware_t2_v2_minus_str_mlo_nmaxinflights_1,score_aware_t2_v2,str_mlo_nmaxinflights_1,obss_intensity,obss-intensity-qualification-p16,0.028055555555555556,0.028333333333333335,23184.502499999966,25101.247499999998,5466168.75,4538807.0,30.334600000000002,30.33484,-0.00027777777777777957,-1916.7450000000317,1.2043183924762608,7.911694935525126e-06,0.009803921568627527
score_aware_t2_v2_minus_str_mlo_nmaxinflights_1,score_aware_t2_v2,str_mlo_nmaxinflights_1,obss_intensity,obss-intensity-qualification-p17,0.5604166666666667,0.7209722222222222,32263.757500000003,32497.027499999997,6488132.25,6061842.5,70.82384,72.62484,-0.16055555555555556,-233.26999999999316,1.0703234618847322,0.024798677697603244,0.22269312271238684
score_aware_t2_v2_minus_str_mlo_nmaxinflights_1,score_aware_t2_v2,str_mlo_nmaxinflights_1,obss_intensity,obss-intensity-qualification-p18,0.07902777777777778,0.04416666666666667,25342.467499999966,24881.022500000006,5878432.75,4716788.75,40.72996,40.85692,0.034861111111111114,461.4449999999597,1.2462785724715784,0.003107429537028361,-0.7893081761006291
score_aware_t2_v2_minus_str_mlo_nmaxinflights_1,score_aware_t2_v2,str_mlo_nmaxinflights_1,obss_intensity,obss-intensity-qualification-p19,0.37777777777777777,0.28652777777777777,31665.0975,30607.97499999999,6840596.0,5826959.0,52.15796,52.22288,0.09125,1057.1225000000086,1.1739564325062182,0.001243133277980868,-0.31846825012118285
score_aware_t2_v2_minus_str_mlo_nmaxinflights_1,score_aware_t2_v2,str_mlo_nmaxinflights_1,obss_intensity,obss-intensity-qualification-p21,0.03708333333333333,0.03,26769.810000000005,25645.010000000002,5858641.5,4882158.5,39.25053653333333,39.250929066666664,0.00708333333333333,1124.800000000003,1.200010507647386,1.0000612537530706e-05,-0.23611111111111094
score_aware_t2_v2_minus_str_mlo_nmaxinflights_1,score_aware_t2_v2,str_mlo_nmaxinflights_1,obss_geometry_mac,obss-geometry-mac-qualification-p16,0.005694444444444445,0.005138888888888889,15574.714999999993,15027.384999999987,4452860.0,3975667.75,26.61916,26.6244,0.0005555555555555557,547.3300000000054,1.1200282015518022,0.000196811946935882,-0.10810810810810811
score_aware_t2_v2_minus_str_mlo_nmaxinflights_1,score_aware_t2_v2,str_mlo_nmaxinflights_1,obss_geometry_mac,obss-geometry-mac-qualification-p17,0.0018055555555555557,0.002361111111111111,14730.129999999996,14481.147499999995,4440771.75,3848751.25,26.66572,26.66572,-0.0005555555555555554,248.98250000000007,1.1538214505289215,0.0,0.23529411764705876
score_aware_t2_v2_minus_str_mlo_nmaxinflights_1,score_aware_t2_v2,str_mlo_nmaxinflights_1,obss_geometry_mac,obss-geometry-mac-qualification-p18,0.00875,0.008194444444444445,19949.06249999999,18304.989999999976,5023189.25,4033800.5,26.52368,26.52368,0.0005555555555555557,1644.072500000013,1.2452745865840416,0.0,-0.06779661016949157
score_aware_t2_v2_minus_str_mlo_nmaxinflights_1,score_aware_t2_v2,str_mlo_nmaxinflights_1,obss_geometry_mac,obss-geometry-mac-qualification-p19,0.010555555555555556,0.011388888888888888,20462.602500000015,21611.2575,5244498.0,4625467.5,26.86652,26.86904,-0.0008333333333333318,-1148.6549999999843,1.1338309046599073,9.378824103867256e-05,0.07317073170731692
score_aware_t2_v2_minus_str_mlo_nmaxinflights_1,score_aware_t2_v2,str_mlo_nmaxinflights_1,obss_geometry_mac,obss-geometry-mac-qualification-p20,0.012361111111111111,0.014166666666666666,18948.542500000003,23224.120000000006,5002335.25,4657052.5,26.464,26.464,-0.001805555555555555,-4275.577500000003,1.0741419062808504,0.0,0.12745098039215685
score_aware_t2_v2_minus_str_mlo_nmaxinflights_1,score_aware_t2_v2,str_mlo_nmaxinflights_1,video_workload,video-workload-qualification-p16,0.02777777777777778,0.01826388888888889,11542.612499999997,11395.992499999997,6751311.25,5817001.25,26.2348,26.23728,0.009513888888888891,146.6200000000008,1.1606171220953407,9.452199313342291e-05,-0.5209125475285172
score_aware_t2_v2_minus_str_mlo_nmaxinflights_1,score_aware_t2_v2,str_mlo_nmaxinflights_1,video_workload,video-workload-qualification-p17,0.04597222222222223,0.028958333333333332,12957.282499999998,12774.942500000003,9855391.0,8745437.75,26.738680000000002,26.7426,0.017013888888888894,182.3399999999947,1.1269179750321818,0.0001465826060291775,-0.5875299760191848
score_aware_t2_v2_minus_str_mlo_nmaxinflights_1,score_aware_t2_v2,str_mlo_nmaxinflights_1,video_workload,video-workload-qualification-p18,0.004861111111111111,0.009375,19552.639999999967,24407.360000000008,4194030.5,3925653.75,26.85976,26.85892,-0.0045138888888888885,-4854.720000000041,1.0683648551531066,-3.127452630269367e-05,0.4814814814814814
score_aware_t2_v2_minus_str_mlo_nmaxinflights_1,score_aware_t2_v2,str_mlo_nmaxinflights_1,video_workload,video-workload-qualification-p19,0.0044444444444444444,0.008611111111111111,15477.090000000018,18477.95749999999,4213265.5,3892198.25,26.3436,26.34484,-0.004166666666666667,-3000.867499999971,1.0824899528177938,4.706804064869008e-05,0.4838709677419355
score_aware_t2_v2_minus_str_mlo_nmaxinflights_1,score_aware_t2_v2,str_mlo_nmaxinflights_1,video_workload,video-workload-qualification-p20,0.004907407407407407,0.0077777777777777776,10202.395000000004,12052.305000000011,4342764.0,3843270.25,26.45812,26.45928,-0.0028703703703703703,-1849.9100000000071,1.1299658149202492,4.3840951076457024e-05,0.36904761904761907
score_aware_t2_v2_minus_str_mlo_nmaxinflights_1,score_aware_t2_v2,str_mlo_nmaxinflights_1,legacy_coexistence,legacy-coexistence-qualification-p16,0.03166666666666667,0.02847222222222222,24452.999999999978,25977.052499999976,5283358.0,5052413.5,26.56484,26.56676,0.0031944444444444477,-1524.052499999998,1.0457097385239746,7.227076241134167e-05,-0.11219512195121961
score_aware_t2_v2_minus_str_mlo_nmaxinflights_1,score_aware_t2_v2,str_mlo_nmaxinflights_1,legacy_coexistence,legacy-coexistence-qualification-p17,0.47388888888888886,0.3023611111111111,32564.785,31424.880000000005,7029593.75,6263381.0,26.85932,26.90212,0.17152777777777778,1139.9049999999952,1.1223321317991033,0.001590952683282909,-0.5672944418925128
score_aware_t2_v2_minus_str_mlo_nmaxinflights_1,score_aware_t2_v2,str_mlo_nmaxinflights_1,legacy_coexistence,legacy-coexistence-qualification-p18,0.2797222222222222,0.13083333333333333,31903.085000000003,30560.69999999999,7370389.0,5549308.25,26.536360000000002,26.545160000000003,0.14888888888888888,1342.385000000013,1.3281635598454997,0.0003315105277196251,-1.1380042462845008
score_aware_t2_v2_minus_str_mlo_nmaxinflights_1,score_aware_t2_v2,str_mlo_nmaxinflights_1,legacy_coexistence,legacy-coexistence-qualification-p19,0.12444444444444444,0.06166666666666667,28793.270000000004,28626.510000000002,6018301.75,4722157.5,25.51124,26.49072,0.06277777777777777,166.76000000000204,1.2744813678916893,0.03697445747038963,-1.0180180180180178
score_aware_t2_v2_minus_str_mlo_nmaxinflights_1,score_aware_t2_v2,str_mlo_nmaxinflights_1,legacy_coexistence,legacy-coexistence-qualification-p20,0.08652777777777777,0.027777777777777776,27043.379999999986,22770.639999999996,5778618.75,4157207.0,26.69312,26.69588,0.05875,4272.739999999991,1.390024299968705,0.00010338673982646096,-2.115
score_aware_t2_v2_minus_str_mlo_nmaxinflights_1,score_aware_t2_v2,str_mlo_nmaxinflights_1,compound_shift,compound-shift-qualification-p16,0.5170138888888889,0.39774305555555556,40504.0925,39107.645,4855134.5,4359450.75,39.49224,39.51072,0.11927083333333333,1396.447500000002,1.113703257227989,0.0004677211652938107,-0.29986905281536447
score_aware_t2_v2_minus_str_mlo_nmaxinflights_1,score_aware_t2_v2,str_mlo_nmaxinflights_1,compound_shift,compound-shift-qualification-p17,0.22083333333333333,0.07680555555555556,30552.245,29393.797499999993,5784886.75,4165884.0,28.33232,29.50524,0.14402777777777775,1158.4475000000057,1.3886336609468724,0.039752938800023396,-1.8752260397830018
score_aware_t2_v2_minus_str_mlo_nmaxinflights_1,score_aware_t2_v2,str_mlo_nmaxinflights_1,compound_shift,compound-shift-qualification-p18,0.050347222222222224,0.027256944444444445,33014.70249999999,27048.615,3911205.75,3107876.25,40.21628,40.2272,0.02309027777777778,5966.0874999999905,1.2584818169642373,0.00027145811789053287,-0.8471337579617835
score_aware_t2_v2_minus_str_mlo_nmaxinflights_1,score_aware_t2_v2,str_mlo_nmaxinflights_1,compound_shift,compound-shift-qualification-p19,0.2713888888888889,0.08944444444444444,31939.359999999986,28831.81999999998,7126437.75,5171193.0,22.74832,22.75584,0.18194444444444446,3107.5400000000045,1.3781032249231464,0.0003304646191922833,-2.03416149068323
score_aware_t2_v2_minus_str_mlo_nmaxinflights_1,score_aware_t2_v2,str_mlo_nmaxinflights_1,compound_shift,compound-shift-qualification-p21,0.17342592592592593,0.10703703703703704,20738.14,20456.644999999997,7873673.25,6565126.0,22.12932,21.27968,0.06638888888888889,281.4950000000026,1.1993179186507616,-0.03992729213973156,-0.6202422145328719
distributional_shadow_t2_minus_str_mlo_nmaxinflights_1,distributional_shadow_t2,str_mlo_nmaxinflights_1,radio_propagation,radio-propagation-qualification-p16,0.0011111111111111111,0.0020833333333333333,12726.894999999997,12054.209999999995,4163414.0,3617037.25,26.792160000000003,26.79208,-0.0009722222222222222,672.6850000000013,1.151056434378717,-2.985957044066012e-06,0.4666666666666667
distributional_shadow_t2_minus_str_mlo_nmaxinflights_1,distributional_shadow_t2,str_mlo_nmaxinflights_1,radio_propagation,radio-propagation-qualification-p17,0.22652777777777777,0.18847222222222224,31800.5525,31516.317500000005,13878153.0,9971326.5,26.59032,26.59324,0.03805555555555554,284.23499999999694,1.391806095207092,0.00010980234074531303,-0.20191599115696368
distributional_shadow_t2_minus_str_mlo_nmaxinflights_1,distributional_shadow_t2,str_mlo_nmaxinflights_1,radio_propagation,radio-propagation-qualification-p18,0.0031944444444444446,0.006527777777777778,14183.7525,16879.689999999984,4581796.75,4082809.5,26.50948,26.51228,-0.0033333333333333335,-2695.9374999999836,1.1222166378323555,0.00010561143741694146,0.5106382978723405
distributional_shadow_t2_minus_str_mlo_nmaxinflights_1,distributional_shadow_t2,str_mlo_nmaxinflights_1,radio_propagation,radio-propagation-qualification-p19,0.007361111111111111,0.009166666666666667,20506.35750000002,20683.410000000018,5415189.0,4443484.0,27.080280000000002,27.08228,-0.001805555555555556,-177.05249999999796,1.218680881938587,7.384902600515719e-05,0.19696969696969702
distributional_shadow_t2_minus_str_mlo_nmaxinflights_1,distributional_shadow_t2,str_mlo_nmaxinflights_1,radio_propagation,radio-propagation-qualification-p20,0.06791666666666667,0.06958333333333333,26308.69,27881.55250000002,8494619.75,6837293.0,26.64232,26.647,-0.0016666666666666635,-1572.862500000021,1.2423951628224796,0.00017562952677585564,0.0239520958083832
distributional_shadow_t2_minus_str_mlo_nmaxinflights_1,distributional_shadow_t2,str_mlo_nmaxinflights_1,obss_intensity,obss-intensity-qualification-p16,0.024999999999999998,0.028333333333333335,23229.024999999987,25101.247499999998,5593828.0,4538807.0,30.33444,30.33484,-0.0033333333333333375,-1872.2225000000108,1.2324445608724937,1.3186158225986233e-05,0.11764705882352955
distributional_shadow_t2_minus_str_mlo_nmaxinflights_1,distributional_shadow_t2,str_mlo_nmaxinflights_1,obss_intensity,obss-intensity-qualification-p17,0.5572222222222223,0.7209722222222222,32226.807500000006,32497.027499999997,6570919.25,6061842.5,70.74876,72.62484,-0.16374999999999995,-270.21999999999025,1.0839805306719863,0.025832483761754288,0.22712386823348096
distributional_shadow_t2_minus_str_mlo_nmaxinflights_1,distributional_shadow_t2,str_mlo_nmaxinflights_1,obss_intensity,obss-intensity-qualification-p18,0.07777777777777778,0.04416666666666667,25349.404999999973,24881.022500000006,6016922.25,4716788.75,40.85704,40.85692,0.03361111111111111,468.38249999996697,1.2756395439588004,-2.9370789573768263e-06,-0.7610062893081762
distributional_shadow_t2_minus_str_mlo_nmaxinflights_1,distributional_shadow_t2,str_mlo_nmaxinflights_1,obss_intensity,obss-intensity-qualification-p19,0.3695833333333333,0.28652777777777777,31646.975,30607.97499999999,7096298.75,5826959.0,52.14466,52.22288,0.08305555555555555,1039.0000000000073,1.2178391421666086,0.001497810921190168,-0.28986912263693654
distributional_shadow_t2_minus_str_mlo_nmaxinflights_1,distributional_shadow_t2,str_mlo_nmaxinflights_1,obss_intensity,obss-intensity-qualification-p21,0.035416666666666666,0.03,27008.832500000004,25645.010000000002,5997649.0,4882158.5,39.25078186666667,39.250929066666664,0.005416666666666667,1363.822500000002,1.2284830572379,3.750229701449115e-06,-0.18055555555555558
distributional_shadow_t2_minus_str_mlo_nmaxinflights_1,distributional_shadow_t2,str_mlo_nmaxinflights_1,obss_geometry_mac,obss-geometry-mac-qualification-p16,0.004583333333333333,0.005138888888888889,13896.267499999994,15027.384999999987,4640043.25,3975667.75,26.61916,26.6244,-0.0005555555555555557,-1131.117499999993,1.1671104181178118,0.000196811946935882,0.10810810810810811
distributional_shadow_t2_minus_str_mlo_nmaxinflights_1,distributional_shadow_t2,str_mlo_nmaxinflights_1,obss_geometry_mac,obss-geometry-mac-qualification-p17,0.0020833333333333333,0.002361111111111111,14644.14999999999,14481.147499999995,4558770.5,3848751.25,26.66572,26.66572,-0.00027777777777777783,163.00249999999505,1.1844804207598503,0.0,0.11764705882352944
distributional_shadow_t2_minus_str_mlo_nmaxinflights_1,distributional_shadow_t2,str_mlo_nmaxinflights_1,obss_geometry_mac,obss-geometry-mac-qualification-p18,0.014305555555555556,0.008194444444444445,20592.22249999998,18304.989999999976,5056022.25,4033800.5,26.52368,26.52368,0.0061111111111111106,2287.2325000000055,1.2534140570412444,0.0,-0.7457627118644066
distributional_shadow_t2_minus_str_mlo_nmaxinflights_1,distributional_shadow_t2,str_mlo_nmaxinflights_1,obss_geometry_mac,obss-geometry-mac-qualification-p19,0.011527777777777777,0.011388888888888888,19887.502499999984,21611.2575,5441212.75,4625467.5,26.86716,26.86904,0.00013888888888888978,-1723.7550000000156,1.1763595247399317,6.996900521938354e-05,-0.012195121951219523
distributional_shadow_t2_minus_str_mlo_nmaxinflights_1,distributional_shadow_t2,str_mlo_nmaxinflights_1,obss_geometry_mac,obss-geometry-mac-qualification-p20,0.012638888888888889,0.014166666666666666,18132.655000000002,23224.120000000006,5302288.0,4657052.5,26.464,26.464,-0.0015277777777777772,-5091.465000000004,1.13855018812865,0.0,0.10784313725490191
distributional_shadow_t2_minus_str_mlo_nmaxinflights_1,distributional_shadow_t2,str_mlo_nmaxinflights_1,video_workload,video-workload-qualification-p16,0.028541666666666667,0.01826388888888889,11417.787500000006,11395.992499999997,6790170.25,5817001.25,26.2352,26.23728,0.010277777777777778,21.795000000009168,1.1672973682101238,7.927651036998551e-05,-0.5627376425855513
distributional_shadow_t2_minus_str_mlo_nmaxinflights_1,distributional_shadow_t2,str_mlo_nmaxinflights_1,video_workload,video-workload-qualification-p17,0.042986111111111114,0.028958333333333332,12784.117500000004,12774.942500000003,9868357.5,8745437.75,26.73844,26.7426,0.014027777777777781,9.175000000001091,1.1284006338047514,0.00015555705129643993,-0.4844124700239809
distributional_shadow_t2_minus_str_mlo_nmaxinflights_1,distributional_shadow_t2,str_mlo_nmaxinflights_1,video_workload,video-workload-qualification-p18,0.0036458333333333334,0.009375,18490.784999999985,24407.360000000008,4412670.0,3925653.75,26.8598,26.85892,-0.005729166666666666,-5916.575000000023,1.1240599097666217,-3.276378945993308e-05,0.6111111111111112
distributional_shadow_t2_minus_str_mlo_nmaxinflights_1,distributional_shadow_t2,str_mlo_nmaxinflights_1,video_workload,video-workload-qualification-p19,0.004166666666666667,0.008611111111111111,13855.094999999996,18477.95749999999,4489400.25,3892198.25,26.34396,26.34484,-0.0044444444444444444,-4622.862499999994,1.1534356581142802,3.340312562161163e-05,0.5161290322580645
distributional_shadow_t2_minus_str_mlo_nmaxinflights_1,distributional_shadow_t2,str_mlo_nmaxinflights_1,video_workload,video-workload-qualification-p20,0.007222222222222222,0.0077777777777777776,9869.432499999999,12052.305000000011,4472715.25,3843270.25,26.4586,26.45928,-0.0005555555555555557,-2182.872500000012,1.16377849046655,2.5699867872375215e-05,0.0714285714285714
distributional_shadow_t2_minus_str_mlo_nmaxinflights_1,distributional_shadow_t2,str_mlo_nmaxinflights_1,legacy_coexistence,legacy-coexistence-qualification-p16,0.02625,0.02847222222222222,23920.68749999997,25977.052499999976,5422385.0,5052413.5,26.56472,26.56676,-0.0022222222222222227,-2056.3650000000052,1.0732266866122497,7.678768506202971e-05,0.07804878048780495
distributional_shadow_t2_minus_str_mlo_nmaxinflights_1,distributional_shadow_t2,str_mlo_nmaxinflights_1,legacy_coexistence,legacy-coexistence-qualification-p17,0.46069444444444446,0.3023611111111111,32467.5775,31424.880000000005,7276596.0,6263381.0,26.85952,26.90212,0.15833333333333338,1042.6974999999948,1.16176806105201,0.0015835183249498508,-0.523656407900781
distributional_shadow_t2_minus_str_mlo_nmaxinflights_1,distributional_shadow_t2,str_mlo_nmaxinflights_1,legacy_coexistence,legacy-coexistence-qualification-p18,0.27652777777777776,0.13083333333333333,31860.110000000008,30560.69999999999,7450001.75,5549308.25,26.53752,26.545160000000003,0.14569444444444443,1299.410000000018,1.342509987618727,0.0002878114127020659,-1.1135881104033971
distributional_shadow_t2_minus_str_mlo_nmaxinflights_1,distributional_shadow_t2,str_mlo_nmaxinflights_1,legacy_coexistence,legacy-coexistence-qualification-p19,0.12305555555555556,0.06166666666666667,28248.91250000001,28626.510000000002,6075551.0,4722157.5,25.511000000000003,26.49072,0.06138888888888889,-377.5974999999926,1.2866049046436931,0.03698351724679427,-0.9954954954954955
distributional_shadow_t2_minus_str_mlo_nmaxinflights_1,distributional_shadow_t2,str_mlo_nmaxinflights_1,legacy_coexistence,legacy-coexistence-qualification-p20,0.08513888888888889,0.027777777777777776,26900.614999999976,22770.639999999996,5771452.5,4157207.0,26.69256,26.69588,0.05736111111111111,4129.97499999998,1.3883004863601933,0.00012436375950142242,-2.0650000000000004
distributional_shadow_t2_minus_str_mlo_nmaxinflights_1,distributional_shadow_t2,str_mlo_nmaxinflights_1,compound_shift,compound-shift-qualification-p16,0.4973958333333333,0.39774305555555556,40365.2,39107.645,5128817.0,4359450.75,39.48332,39.51072,0.09965277777777776,1257.5550000000003,1.1764823814100893,0.0006934826801434646,-0.2505456132693147
distributional_shadow_t2_minus_str_mlo_nmaxinflights_1,distributional_shadow_t2,str_mlo_nmaxinflights_1,compound_shift,compound-shift-qualification-p17,0.2075,0.07680555555555556,30955.605000000003,29393.797499999993,5843566.75,4165884.0,28.330759999999998,29.50524,0.13069444444444445,1561.80750000001,1.4027195068321634,0.03980581076446088,-1.7016274864376126
distributional_shadow_t2_minus_str_mlo_nmaxinflights_1,distributional_shadow_t2,str_mlo_nmaxinflights_1,compound_shift,compound-shift-qualification-p18,0.04565972222222222,0.027256944444444445,32266.67500000001,27048.615,3895725.25,3107876.25,40.21164,40.2272,0.018402777777777775,5218.060000000009,1.2535007627797279,0.00038680295919180097,-0.6751592356687897
distributional_shadow_t2_minus_str_mlo_nmaxinflights_1,distributional_shadow_t2,str_mlo_nmaxinflights_1,compound_shift,compound-shift-qualification-p19,0.26416666666666666,0.08944444444444444,31986.282499999998,28831.81999999998,7172107.5,5171193.0,22.74736,22.75584,0.17472222222222222,3154.462500000016,1.3869347943501624,0.0003726515918550666,-1.9534161490683233
distributional_shadow_t2_minus_str_mlo_nmaxinflights_1,distributional_shadow_t2,str_mlo_nmaxinflights_1,compound_shift,compound-shift-qualification-p21,0.1575925925925926,0.10703703703703704,20708.415,20456.644999999997,8164040.0,6565126.0,22.12868,21.27968,0.05055555555555555,251.77000000000407,1.2435465823504377,-0.03989721649949618,-0.47231833910034604
distributional_shadow_t2_minus_score_aware_t2_v2,distributional_shadow_t2,score_aware_t2_v2,radio_propagation,radio-propagation-qualification-p16,0.0011111111111111111,0.00125,12726.894999999997,12892.752499999995,4163414.0,4084227.5,26.792160000000003,26.792160000000003,-0.00013888888888888892,-165.85749999999825,1.0193883665882961,0.0,0.11111111111111116
distributional_shadow_t2_minus_score_aware_t2_v2,distributional_shadow_t2,score_aware_t2_v2,radio_propagation,radio-propagation-qualification-p17,0.22652777777777777,0.24625,31800.5525,31900.142499999998,13878153.0,13610812.0,26.59032,26.59036,-0.019722222222222224,-99.58999999999651,1.0196418112306598,1.5043045675788846e-06,0.08009024252679076
distributional_shadow_t2_minus_score_aware_t2_v2,distributional_shadow_t2,score_aware_t2_v2,radio_propagation,radio-propagation-qualification-p18,0.0031944444444444446,0.0044444444444444444,14183.7525,14473.929999999997,4581796.75,4334138.0,26.50948,26.50908,-0.0012499999999999998,-290.17749999999614,1.057141408510758,-1.50891694468136e-05,0.28125
distributional_shadow_t2_minus_score_aware_t2_v2,distributional_shadow_t2,score_aware_t2_v2,radio_propagation,radio-propagation-qualification-p19,0.007361111111111111,0.008472222222222223,20506.35750000002,19852.574999999986,5415189.0,5293275.75,27.080280000000002,27.08032,-0.0011111111111111122,653.7825000000339,1.0230317209527577,1.4770874199321327e-06,0.1311475409836067
distributional_shadow_t2_minus_score_aware_t2_v2,distributional_shadow_t2,score_aware_t2_v2,radio_propagation,radio-propagation-qualification-p20,0.06791666666666667,0.08555555555555557,26308.69,26998.547499999986,8494619.75,8131806.75,26.64232,26.643440000000002,-0.0176388888888889,-689.8574999999873,1.044616530022679,4.203661389068358e-05,0.20616883116883122
distributional_shadow_t2_minus_score_aware_t2_v2,distributional_shadow_t2,score_aware_t2_v2,obss_intensity,obss-intensity-qualification-p16,0.024999999999999998,0.028055555555555556,23229.024999999987,23184.502499999966,5593828.0,5466168.75,30.33444,30.334600000000002,-0.003055555555555558,44.522500000020955,1.023354429004776,5.274505020747e-06,0.10891089108910901
distributional_shadow_t2_minus_score_aware_t2_v2,distributional_shadow_t2,score_aware_t2_v2,obss_intensity,obss-intensity-qualification-p17,0.5572222222222223,0.5604166666666667,32226.807500000006,32263.757500000003,6570919.25,6488132.25,70.74876,70.82384,-0.0031944444444443887,-36.94999999999709,1.0127597584035066,0.0010600950188524028,0.005700123915737154
distributional_shadow_t2_minus_score_aware_t2_v2,distributional_shadow_t2,score_aware_t2_v2,obss_intensity,obss-intensity-qualification-p18,0.07777777777777778,0.07902777777777778,25349.404999999973,25342.467499999966,6016922.25,5878432.75,40.85704,40.72996,-0.0012500000000000011,6.937500000007276,1.0235589154269051,-0.00312006198876702,0.01581722319859402
distributional_shadow_t2_minus_score_aware_t2_v2,distributional_shadow_t2,score_aware_t2_v2,obss_intensity,obss-intensity-qualification-p19,0.3695833333333333,0.37777777777777777,31646.975,31665.0975,7096298.75,6840596.0,52.14466,52.15796,-0.008194444444444449,-18.12250000000131,1.0373801858785403,0.00025499463552636215,0.02169117647058827
distributional_shadow_t2_minus_score_aware_t2_v2,distributional_shadow_t2,score_aware_t2_v2,obss_intensity,obss-intensity-qualification-p21,0.035416666666666666,0.03708333333333333,27008.832500000004,26769.810000000005,5997649.0,5858641.5,39.25078186666667,39.25053653333333,-0.0016666666666666635,239.02249999999913,1.0237269168970315,-6.250445344413436e-06,0.04494382022471899
distributional_shadow_t2_minus_score_aware_t2_v2,distributional_shadow_t2,score_aware_t2_v2,obss_geometry_mac,obss-geometry-mac-qualification-p16,0.004583333333333333,0.005694444444444445,13896.267499999994,15574.714999999993,4640043.25,4452860.0,26.61916,26.61916,-0.0011111111111111113,-1678.4474999999984,1.0420366348818513,0.0,0.19512195121951226
distributional_shadow_t2_minus_score_aware_t2_v2,distributional_shadow_t2,score_aware_t2_v2,obss_geometry_mac,obss-geometry-mac-qualification-p17,0.0020833333333333333,0.0018055555555555557,14644.14999999999,14730.129999999996,4558770.5,4440771.75,26.66572,26.66572,0.0002777777777777776,-85.98000000000502,1.0265716764208834,0.0,-0.15384615384615374
distributional_shadow_t2_minus_score_aware_t2_v2,distributional_shadow_t2,score_aware_t2_v2,obss_geometry_mac,obss-geometry-mac-qualification-p18,0.014305555555555556,0.00875,20592.22249999998,19949.06249999999,5056022.25,5023189.25,26.52368,26.52368,0.005555555555555555,643.1599999999926,1.0065362856874245,0.0,-0.6349206349206349
distributional_shadow_t2_minus_score_aware_t2_v2,distributional_shadow_t2,score_aware_t2_v2,obss_geometry_mac,obss-geometry-mac-qualification-p19,0.011527777777777777,0.010555555555555556,19887.502499999984,20462.602500000015,5441212.75,5244498.0,26.86716,26.86652,0.0009722222222222215,-575.1000000000313,1.0375087853975729,-2.3821469993023925e-05,-0.09210526315789469
distributional_shadow_t2_minus_score_aware_t2_v2,distributional_shadow_t2,score_aware_t2_v2,obss_geometry_mac,obss-geometry-mac-qualification-p20,0.012638888888888889,0.012361111111111111,18132.655000000002,18948.542500000003,5302288.0,5002335.25,26.464,26.464,0.00027777777777777783,-815.8875000000007,1.0599625444935943,0.0,-0.022471910112359605
distributional_shadow_t2_minus_score_aware_t2_v2,distributional_shadow_t2,score_aware_t2_v2,video_workload,video-workload-qualification-p16,0.028541666666666667,0.02777777777777778,11417.787500000006,11542.612499999997,6790170.25,6751311.25,26.2352,26.2348,0.0007638888888888869,-124.82499999999163,1.0057557707771212,-1.524692393295446e-05,-0.027499999999999858
distributional_shadow_t2_minus_score_aware_t2_v2,distributional_shadow_t2,score_aware_t2_v2,video_workload,video-workload-qualification-p17,0.042986111111111114,0.04597222222222223,12784.117500000004,12957.282499999998,9868357.5,9855391.0,26.73844,26.738680000000002,-0.002986111111111113,-173.1649999999936,1.0013156758570005,8.97576095759689e-06,0.06495468277945626
distributional_shadow_t2_minus_score_aware_t2_v2,distributional_shadow_t2,score_aware_t2_v2,video_workload,video-workload-qualification-p18,0.0036458333333333334,0.004861111111111111,18490.784999999985,19552.639999999967,4412670.0,4194030.5,26.8598,26.85976,-0.0012152777777777778,-1061.8549999999814,1.0521311182643998,-1.4892165827173898e-06,0.25
distributional_shadow_t2_minus_score_aware_t2_v2,distributional_shadow_t2,score_aware_t2_v2,video_workload,video-workload-qualification-p19,0.004166666666666667,0.0044444444444444444,13855.094999999996,15477.090000000018,4489400.25,4213265.5,26.34396,26.3436,-0.00027777777777777783,-1621.9950000000226,1.065539366080775,-1.3665558238118436e-05,0.0625
distributional_shadow_t2_minus_score_aware_t2_v2,distributional_shadow_t2,score_aware_t2_v2,video_workload,video-workload-qualification-p20,0.007222222222222222,0.004907407407407407,9869.432499999999,10202.395000000004,4472715.25,4342764.0,26.4586,26.45812,0.0023148148148148147,-332.9625000000051,1.0299236269804208,-1.8141878561195313e-05,-0.47169811320754707
distributional_shadow_t2_minus_score_aware_t2_v2,distributional_shadow_t2,score_aware_t2_v2,legacy_coexistence,legacy-coexistence-qualification-p16,0.02625,0.03166666666666667,23920.68749999997,24452.999999999978,5422385.0,5283358.0,26.56472,26.56484,-0.00541666666666667,-532.3125000000073,1.0263141358204384,4.517249115765232e-06,0.17105263157894746
distributional_shadow_t2_minus_score_aware_t2_v2,distributional_shadow_t2,score_aware_t2_v2,legacy_coexistence,legacy-coexistence-qualification-p17,0.46069444444444446,0.47388888888888886,32467.5775,32564.785,7276596.0,7029593.75,26.85952,26.85932,-0.013194444444444398,-97.20750000000044,1.0351374857188582,-7.446204892680441e-06,0.02784290738569739
distributional_shadow_t2_minus_score_aware_t2_v2,distributional_shadow_t2,score_aware_t2_v2,legacy_coexistence,legacy-coexistence-qualification-p18,0.27652777777777776,0.2797222222222222,31860.110000000008,31903.085000000003,7450001.75,7370389.0,26.53752,26.536360000000002,-0.003194444444444444,-42.97499999999491,1.0108017025967015,-4.371360653832035e-05,0.011420059582919584
distributional_shadow_t2_minus_score_aware_t2_v2,distributional_shadow_t2,score_aware_t2_v2,legacy_coexistence,legacy-coexistence-qualification-p19,0.12305555555555556,0.12444444444444444,28248.91250000001,28793.270000000004,6075551.0,6018301.75,25.511000000000003,25.51124,-0.001388888888888884,-544.3574999999946,1.009512525688829,9.407617975409899e-06,0.011160714285714302
distributional_shadow_t2_minus_score_aware_t2_v2,distributional_shadow_t2,score_aware_t2_v2,legacy_coexistence,legacy-coexistence-qualification-p20,0.08513888888888889,0.08652777777777777,26900.614999999976,27043.379999999986,5771452.5,5778618.75,26.69256,26.69312,-0.001388888888888884,-142.76500000001033,0.9987598680047892,2.097918864485404e-05,0.0160513643659711
distributional_shadow_t2_minus_score_aware_t2_v2,distributional_shadow_t2,score_aware_t2_v2,compound_shift,compound-shift-qualification-p16,0.4973958333333333,0.5170138888888889,40365.2,40504.0925,5128817.0,4855134.5,39.48332,39.49224,-0.01961805555555557,-138.89250000000175,1.0563697051029173,0.0002258671576998994,0.03794492948287442
distributional_shadow_t2_minus_score_aware_t2_v2,distributional_shadow_t2,score_aware_t2_v2,compound_shift,compound-shift-qualification-p17,0.2075,0.22083333333333333,30955.605000000003,30552.245,5843566.75,5784886.75,28.330759999999998,28.33232,-0.013333333333333336,403.3600000000042,1.010143673080549,5.506079276251796e-05,0.060377358490566024
distributional_shadow_t2_minus_score_aware_t2_v2,distributional_shadow_t2,score_aware_t2_v2,compound_shift,compound-shift-qualification-p18,0.04565972222222222,0.050347222222222224,32266.67500000001,33014.70249999999,3895725.25,3911205.75,40.21164,40.21628,-0.004687500000000004,-748.027499999982,0.9960420133867925,0.00011537616109680293,0.09310344827586214
distributional_shadow_t2_minus_score_aware_t2_v2,distributional_shadow_t2,score_aware_t2_v2,compound_shift,compound-shift-qualification-p19,0.26416666666666666,0.2713888888888889,31986.282499999998,31939.359999999986,7172107.5,7126437.75,22.74736,22.74832,-0.007222222222222241,46.922500000011496,1.0064084963065874,4.2200918573320756e-05,0.026612077789150534
distributional_shadow_t2_minus_score_aware_t2_v2,distributional_shadow_t2,score_aware_t2_v2,compound_shift,compound-shift-qualification-p21,0.1575925925925926,0.17342592592592593,20708.415,20738.14,8164040.0,7873673.25,22.12868,22.12932,-0.015833333333333338,-29.724999999998545,1.0368781813494736,2.8920906742779806e-05,0.09129738387613462
