family_id,scenario_id,arm_id,all_generated_deadline_miss_rate,sender_airtime_us,background_throughput_mbps
radio_propagation,radio-propagation-qualification-p16,str_mlo_nmaxinflights_1,0.0020833333333333333,3617037.25,26.79208
radio_propagation,radio-propagation-qualification-p16,score_aware_t2_v2,0.00125,4084227.5,26.792160000000003
radio_propagation,radio-propagation-qualification-p16,distributional_shadow_t2,0.0011111111111111111,4163414.0,26.792160000000003
radio_propagation,radio-propagation-qualification-p17,str_mlo_nmaxinflights_1,0.18847222222222224,9971326.5,26.59324
radio_propagation,radio-propagation-qualification-p17,score_aware_t2_v2,0.24625,13610812.0,26.59036
radio_propagation,radio-propagation-qualification-p17,distributional_shadow_t2,0.22652777777777777,13878153.0,26.59032
radio_propagation,radio-propagation-qualification-p18,str_mlo_nmaxinflights_1,0.006527777777777778,4082809.5,26.51228
radio_propagation,radio-propagation-qualification-p18,score_aware_t2_v2,0.0044444444444444444,4334138.0,26.50908
radio_propagation,radio-propagation-qualification-p18,distributional_shadow_t2,0.0031944444444444446,4581796.75,26.50948
radio_propagation,radio-propagation-qualification-p19,str_mlo_nmaxinflights_1,0.009166666666666667,4443484.0,27.08228
radio_propagation,radio-propagation-qualification-p19,score_aware_t2_v2,0.008472222222222223,5293275.75,27.08032
radio_propagation,radio-propagation-qualification-p19,distributional_shadow_t2,0.007361111111111111,5415189.0,27.080280000000002
radio_propagation,radio-propagation-qualification-p20,str_mlo_nmaxinflights_1,0.06958333333333333,6837293.0,26.647
radio_propagation,radio-propagation-qualification-p20,score_aware_t2_v2,0.08555555555555557,8131806.75,26.643440000000002
radio_propagation,radio-propagation-qualification-p20,distributional_shadow_t2,0.06791666666666667,8494619.75,26.64232
radio_propagation,radio-propagation-qualification-p21,str_mlo_nmaxinflights_1,0.009444444444444445,4443147.0,26.249679999999998
radio_propagation,radio-propagation-qualification-p21,score_aware_t2_v2,0.010555555555555556,5356471.75,26.2488
radio_propagation,radio-propagation-qualification-p21,distributional_shadow_t2,0.009027777777777779,5455676.75,26.2488
radio_propagation,radio-propagation-qualification-p22,str_mlo_nmaxinflights_1,0.0006944444444444445,3520908.75,26.93532
radio_propagation,radio-propagation-qualification-p22,score_aware_t2_v2,0.00125,3830841.25,26.86872
radio_propagation,radio-propagation-qualification-p22,distributional_shadow_t2,0.0006944444444444445,4030577.25,26.86872
radio_propagation,radio-propagation-qualification-p23,str_mlo_nmaxinflights_1,0.24819444444444444,9726536.25,26.33972
radio_propagation,radio-propagation-qualification-p23,score_aware_t2_v2,0.3288888888888889,12291540.75,26.333
radio_propagation,radio-propagation-qualification-p23,distributional_shadow_t2,0.3025,12715897.75,26.33288
obss_intensity,obss-intensity-qualification-p16,str_mlo_nmaxinflights_1,0.028333333333333335,4538807.0,30.33484
obss_intensity,obss-intensity-qualification-p16,score_aware_t2_v2,0.028055555555555556,5466168.75,30.334600000000002
obss_intensity,obss-intensity-qualification-p16,distributional_shadow_t2,0.024999999999999998,5593828.0,30.33444
obss_intensity,obss-intensity-qualification-p17,str_mlo_nmaxinflights_1,0.7209722222222222,6061842.5,72.62484
obss_intensity,obss-intensity-qualification-p17,score_aware_t2_v2,0.5604166666666667,6488132.25,70.82384
obss_intensity,obss-intensity-qualification-p17,distributional_shadow_t2,0.5572222222222223,6570919.25,70.74876
obss_intensity,obss-intensity-qualification-p18,str_mlo_nmaxinflights_1,0.04416666666666667,4716788.75,40.85692
obss_intensity,obss-intensity-qualification-p18,score_aware_t2_v2,0.07902777777777778,5878432.75,40.72996
obss_intensity,obss-intensity-qualification-p18,distributional_shadow_t2,0.07777777777777778,6016922.25,40.85704
obss_intensity,obss-intensity-qualification-p19,str_mlo_nmaxinflights_1,0.28652777777777777,5826959.0,52.22288
obss_intensity,obss-intensity-qualification-p19,score_aware_t2_v2,0.37777777777777777,6840596.0,52.15796
obss_intensity,obss-intensity-qualification-p19,distributional_shadow_t2,0.3695833333333333,7096298.75,52.14466
obss_intensity,obss-intensity-qualification-p20,str_mlo_nmaxinflights_1,0.9234722222222222,4321214.0,72.32836
obss_intensity,obss-intensity-qualification-p20,score_aware_t2_v2,0.925,4296437.25,71.426
obss_intensity,obss-intensity-qualification-p20,distributional_shadow_t2,0.9302777777777778,4140200.5,71.72744
obss_intensity,obss-intensity-qualification-p21,str_mlo_nmaxinflights_1,0.03,4882158.5,39.250929066666664
obss_intensity,obss-intensity-qualification-p21,score_aware_t2_v2,0.03708333333333333,5858641.5,39.25053653333333
obss_intensity,obss-intensity-qualification-p21,distributional_shadow_t2,0.035416666666666666,5997649.0,39.25078186666667
obss_intensity,obss-intensity-qualification-p22,str_mlo_nmaxinflights_1,0.08180555555555556,5123194.0,46.06457173333333
obss_intensity,obss-intensity-qualification-p22,score_aware_t2_v2,0.10347222222222222,5967264.25,46.06466986666667
obss_intensity,obss-intensity-qualification-p22,distributional_shadow_t2,0.09513888888888888,6257024.25,46.0643264
obss_intensity,obss-intensity-qualification-p23,str_mlo_nmaxinflights_1,0.021666666666666667,4052644.25,18.1049
obss_intensity,obss-intensity-qualification-p23,score_aware_t2_v2,0.025277777777777777,4712393.5,18.1053
obss_intensity,obss-intensity-qualification-p23,distributional_shadow_t2,0.02388888888888889,4874983.75,18.10538
obss_geometry_mac,obss-geometry-mac-qualification-p16,str_mlo_nmaxinflights_1,0.005138888888888889,3975667.75,26.6244
obss_geometry_mac,obss-geometry-mac-qualification-p16,score_aware_t2_v2,0.005694444444444445,4452860.0,26.61916
obss_geometry_mac,obss-geometry-mac-qualification-p16,distributional_shadow_t2,0.004583333333333333,4640043.25,26.61916
obss_geometry_mac,obss-geometry-mac-qualification-p17,str_mlo_nmaxinflights_1,0.002361111111111111,3848751.25,26.66572
obss_geometry_mac,obss-geometry-mac-qualification-p17,score_aware_t2_v2,0.0018055555555555557,4440771.75,26.66572
obss_geometry_mac,obss-geometry-mac-qualification-p17,distributional_shadow_t2,0.0020833333333333333,4558770.5,26.66572
obss_geometry_mac,obss-geometry-mac-qualification-p18,str_mlo_nmaxinflights_1,0.008194444444444445,4033800.5,26.52368
obss_geometry_mac,obss-geometry-mac-qualification-p18,score_aware_t2_v2,0.00875,5023189.25,26.52368
obss_geometry_mac,obss-geometry-mac-qualification-p18,distributional_shadow_t2,0.014305555555555556,5056022.25,26.52368
obss_geometry_mac,obss-geometry-mac-qualification-p19,str_mlo_nmaxinflights_1,0.011388888888888888,4625467.5,26.86904
obss_geometry_mac,obss-geometry-mac-qualification-p19,score_aware_t2_v2,0.010555555555555556,5244498.0,26.86652
obss_geometry_mac,obss-geometry-mac-qualification-p19,distributional_shadow_t2,0.011527777777777777,5441212.75,26.86716
obss_geometry_mac,obss-geometry-mac-qualification-p20,str_mlo_nmaxinflights_1,0.014166666666666666,4657052.5,26.464
obss_geometry_mac,obss-geometry-mac-qualification-p20,score_aware_t2_v2,0.012361111111111111,5002335.25,26.464
obss_geometry_mac,obss-geometry-mac-qualification-p20,distributional_shadow_t2,0.012638888888888889,5302288.0,26.464
obss_geometry_mac,obss-geometry-mac-qualification-p21,str_mlo_nmaxinflights_1,0.010833333333333334,4367152.0,26.70844
obss_geometry_mac,obss-geometry-mac-qualification-p21,score_aware_t2_v2,0.006805555555555555,4554193.0,26.70608
obss_geometry_mac,obss-geometry-mac-qualification-p21,distributional_shadow_t2,0.0061111111111111106,4869452.0,26.70724
obss_geometry_mac,obss-geometry-mac-qualification-p22,str_mlo_nmaxinflights_1,0.013888888888888888,4156005.75,26.63544
obss_geometry_mac,obss-geometry-mac-qualification-p22,score_aware_t2_v2,0.018055555555555554,4731438.75,26.63544
obss_geometry_mac,obss-geometry-mac-qualification-p22,distributional_shadow_t2,0.020416666666666666,4924457.25,26.63544
obss_geometry_mac,obss-geometry-mac-qualification-p23,str_mlo_nmaxinflights_1,0.007916666666666667,4042508.75,26.84732
obss_geometry_mac,obss-geometry-mac-qualification-p23,score_aware_t2_v2,0.0075,4933247.0,26.84732
obss_geometry_mac,obss-geometry-mac-qualification-p23,distributional_shadow_t2,0.01,5015918.5,26.84732
video_workload,video-workload-qualification-p16,str_mlo_nmaxinflights_1,0.01826388888888889,5817001.25,26.23728
video_workload,video-workload-qualification-p16,score_aware_t2_v2,0.02777777777777778,6751311.25,26.2348
video_workload,video-workload-qualification-p16,distributional_shadow_t2,0.028541666666666667,6790170.25,26.2352
video_workload,video-workload-qualification-p17,str_mlo_nmaxinflights_1,0.028958333333333332,8745437.75,26.7426
video_workload,video-workload-qualification-p17,score_aware_t2_v2,0.04597222222222223,9855391.0,26.738680000000002
video_workload,video-workload-qualification-p17,distributional_shadow_t2,0.042986111111111114,9868357.5,26.73844
video_workload,video-workload-qualification-p18,str_mlo_nmaxinflights_1,0.009375,3925653.75,26.85892
video_workload,video-workload-qualification-p18,score_aware_t2_v2,0.004861111111111111,4194030.5,26.85976
video_workload,video-workload-qualification-p18,distributional_shadow_t2,0.0036458333333333334,4412670.0,26.8598
video_workload,video-workload-qualification-p19,str_mlo_nmaxinflights_1,0.008611111111111111,3892198.25,26.34484
video_workload,video-workload-qualification-p19,score_aware_t2_v2,0.0044444444444444444,4213265.5,26.3436
video_workload,video-workload-qualification-p19,distributional_shadow_t2,0.004166666666666667,4489400.25,26.34396
video_workload,video-workload-qualification-p20,str_mlo_nmaxinflights_1,0.0077777777777777776,3843270.25,26.45928
video_workload,video-workload-qualification-p20,score_aware_t2_v2,0.004907407407407407,4342764.0,26.45812
video_workload,video-workload-qualification-p20,distributional_shadow_t2,0.007222222222222222,4472715.25,26.4586
video_workload,video-workload-qualification-p21,str_mlo_nmaxinflights_1,0.004861111111111111,3329775.5,26.614800000000002
video_workload,video-workload-qualification-p21,score_aware_t2_v2,0.004027777777777778,3943563.25,26.614
video_workload,video-workload-qualification-p21,distributional_shadow_t2,0.00375,4057511.25,26.61388
video_workload,video-workload-qualification-p22,str_mlo_nmaxinflights_1,0.013703703703703704,5758093.25,26.7964
video_workload,video-workload-qualification-p22,score_aware_t2_v2,0.022314814814814815,6778323.75,26.7948
video_workload,video-workload-qualification-p22,distributional_shadow_t2,0.024444444444444442,6846020.75,26.794719999999998
video_workload,video-workload-qualification-p23,str_mlo_nmaxinflights_1,0.0026041666666666665,1629176.0,26.48776
video_workload,video-workload-qualification-p23,score_aware_t2_v2,0.0024305555555555556,1886886.75,26.4866
video_workload,video-workload-qualification-p23,distributional_shadow_t2,0.0005208333333333333,2004699.75,26.48648
legacy_coexistence,legacy-coexistence-qualification-p16,str_mlo_nmaxinflights_1,0.02847222222222222,5052413.5,26.56676
legacy_coexistence,legacy-coexistence-qualification-p16,score_aware_t2_v2,0.03166666666666667,5283358.0,26.56484
legacy_coexistence,legacy-coexistence-qualification-p16,distributional_shadow_t2,0.02625,5422385.0,26.56472
legacy_coexistence,legacy-coexistence-qualification-p17,str_mlo_nmaxinflights_1,0.3023611111111111,6263381.0,26.90212
legacy_coexistence,legacy-coexistence-qualification-p17,score_aware_t2_v2,0.47388888888888886,7029593.75,26.85932
legacy_coexistence,legacy-coexistence-qualification-p17,distributional_shadow_t2,0.46069444444444446,7276596.0,26.85952
legacy_coexistence,legacy-coexistence-qualification-p18,str_mlo_nmaxinflights_1,0.13083333333333333,5549308.25,26.545160000000003
legacy_coexistence,legacy-coexistence-qualification-p18,score_aware_t2_v2,0.2797222222222222,7370389.0,26.536360000000002
legacy_coexistence,legacy-coexistence-qualification-p18,distributional_shadow_t2,0.27652777777777776,7450001.75,26.53752
legacy_coexistence,legacy-coexistence-qualification-p19,str_mlo_nmaxinflights_1,0.06166666666666667,4722157.5,26.49072
legacy_coexistence,legacy-coexistence-qualification-p19,score_aware_t2_v2,0.12444444444444444,6018301.75,25.51124
legacy_coexistence,legacy-coexistence-qualification-p19,distributional_shadow_t2,0.12305555555555556,6075551.0,25.511000000000003
legacy_coexistence,legacy-coexistence-qualification-p20,str_mlo_nmaxinflights_1,0.027777777777777776,4157207.0,26.69588
legacy_coexistence,legacy-coexistence-qualification-p20,score_aware_t2_v2,0.08652777777777777,5778618.75,26.69312
legacy_coexistence,legacy-coexistence-qualification-p20,distributional_shadow_t2,0.08513888888888889,5771452.5,26.69256
legacy_coexistence,legacy-coexistence-qualification-p21,str_mlo_nmaxinflights_1,0.10611111111111111,4921778.75,26.90132
legacy_coexistence,legacy-coexistence-qualification-p21,score_aware_t2_v2,0.27152777777777776,6848287.75,26.88296
legacy_coexistence,legacy-coexistence-qualification-p21,distributional_shadow_t2,0.26916666666666667,6921091.25,26.882199999999997
legacy_coexistence,legacy-coexistence-qualification-p22,str_mlo_nmaxinflights_1,0.8748611111111111,8069617.75,26.21296
legacy_coexistence,legacy-coexistence-qualification-p22,score_aware_t2_v2,0.8943055555555556,6520899.75,26.02268
legacy_coexistence,legacy-coexistence-qualification-p22,distributional_shadow_t2,0.8898611111111111,6835548.0,26.0014
legacy_coexistence,legacy-coexistence-qualification-p23,str_mlo_nmaxinflights_1,0.05694444444444444,5326218.25,26.8002
legacy_coexistence,legacy-coexistence-qualification-p23,score_aware_t2_v2,0.08805555555555555,6236970.75,26.79248
legacy_coexistence,legacy-coexistence-qualification-p23,distributional_shadow_t2,0.08069444444444444,6391215.25,26.7912
compound_shift,compound-shift-qualification-p16,str_mlo_nmaxinflights_1,0.39774305555555556,4359450.75,39.51072
compound_shift,compound-shift-qualification-p16,score_aware_t2_v2,0.5170138888888889,4855134.5,39.49224
compound_shift,compound-shift-qualification-p16,distributional_shadow_t2,0.4973958333333333,5128817.0,39.48332
compound_shift,compound-shift-qualification-p17,str_mlo_nmaxinflights_1,0.07680555555555556,4165884.0,29.50524
compound_shift,compound-shift-qualification-p17,score_aware_t2_v2,0.22083333333333333,5784886.75,28.33232
compound_shift,compound-shift-qualification-p17,distributional_shadow_t2,0.2075,5843566.75,28.330759999999998
compound_shift,compound-shift-qualification-p18,str_mlo_nmaxinflights_1,0.027256944444444445,3107876.25,40.2272
compound_shift,compound-shift-qualification-p18,score_aware_t2_v2,0.050347222222222224,3911205.75,40.21628
compound_shift,compound-shift-qualification-p18,distributional_shadow_t2,0.04565972222222222,3895725.25,40.21164
compound_shift,compound-shift-qualification-p19,str_mlo_nmaxinflights_1,0.08944444444444444,5171193.0,22.75584
compound_shift,compound-shift-qualification-p19,score_aware_t2_v2,0.2713888888888889,7126437.75,22.74832
compound_shift,compound-shift-qualification-p19,distributional_shadow_t2,0.26416666666666666,7172107.5,22.74736
compound_shift,compound-shift-qualification-p20,str_mlo_nmaxinflights_1,0.8323148148148148,11499697.5,48.62504
compound_shift,compound-shift-qualification-p20,score_aware_t2_v2,0.8413888888888889,7959205.75,48.30832
compound_shift,compound-shift-qualification-p20,distributional_shadow_t2,0.8391666666666666,8341329.25,48.30328
compound_shift,compound-shift-qualification-p21,str_mlo_nmaxinflights_1,0.10703703703703704,6565126.0,21.27968
compound_shift,compound-shift-qualification-p21,score_aware_t2_v2,0.17342592592592593,7873673.25,22.12932
compound_shift,compound-shift-qualification-p21,distributional_shadow_t2,0.1575925925925926,8164040.0,22.12868
compound_shift,compound-shift-qualification-p22,str_mlo_nmaxinflights_1,0.9984375,5231374.5,62.28408
compound_shift,compound-shift-qualification-p22,score_aware_t2_v2,0.9984375,2561255.25,62.162319999999994
compound_shift,compound-shift-qualification-p22,distributional_shadow_t2,0.9989583333333334,2400791.25,62.42972
compound_shift,compound-shift-qualification-p23,str_mlo_nmaxinflights_1,0.7440277777777777,6588315.5,62.20384
compound_shift,compound-shift-qualification-p23,score_aware_t2_v2,0.84875,4080588.5,64.06448
compound_shift,compound-shift-qualification-p23,distributional_shadow_t2,0.8525,4318488.25,63.972319999999996
