family_id,scenario_id,mode,arm_id,all_generated_deadline_miss_rate,sender_airtime_us,background_throughput_mbps,all_generated_censored_mean_us
radio_propagation,radio-propagation-qualification-p16,fixed,str_mlo_nmaxinflights_1,0.0020833333333333333,3617037.25,26.79208,2625.6506944444445
radio_propagation,radio-propagation-qualification-p16,fixed,score_aware_t2_v2,0.00125,4084227.5,26.792160000000003,2902.7147222222225
radio_propagation,radio-propagation-qualification-p16,fixed,distributional_shadow_t2,0.0011111111111111111,4163414.0,26.792160000000003,2863.4094444444445
radio_propagation,radio-propagation-qualification-p16,adaptive,str_mlo_nmaxinflights_1,0.0044444444444444444,2864809.5,26.79208,2225.0820833333332
radio_propagation,radio-propagation-qualification-p16,adaptive,score_aware_t2_v2,0.005833333333333334,3160313.5,26.79204,2451.9431944444445
radio_propagation,radio-propagation-qualification-p16,adaptive,distributional_shadow_t2,0.0043055555555555555,3225861.75,26.79204,2338.5065277777776
radio_propagation,radio-propagation-qualification-p17,fixed,str_mlo_nmaxinflights_1,0.18847222222222224,9971326.5,26.59324,13779.891527777778
radio_propagation,radio-propagation-qualification-p17,fixed,score_aware_t2_v2,0.24625,13610812.0,26.59036,16174.75875
radio_propagation,radio-propagation-qualification-p17,fixed,distributional_shadow_t2,0.22652777777777777,13878153.0,26.59032,15668.035972222222
radio_propagation,radio-propagation-qualification-p17,adaptive,str_mlo_nmaxinflights_1,0.35791666666666666,18467521.75,26.59016,18079.48597222222
radio_propagation,radio-propagation-qualification-p17,adaptive,score_aware_t2_v2,0.5773611111111111,23935134.0,26.58364,23694.917638888888
radio_propagation,radio-propagation-qualification-p17,adaptive,distributional_shadow_t2,0.5302777777777777,24545077.5,26.5836,22454.086527777778
radio_propagation,radio-propagation-qualification-p18,fixed,str_mlo_nmaxinflights_1,0.006527777777777778,4082809.5,26.51228,3640.1012499999997
radio_propagation,radio-propagation-qualification-p18,fixed,score_aware_t2_v2,0.0044444444444444444,4334138.0,26.50908,3404.211388888889
radio_propagation,radio-propagation-qualification-p18,fixed,distributional_shadow_t2,0.0031944444444444446,4581796.75,26.50948,3334.1491666666666
radio_propagation,radio-propagation-qualification-p18,adaptive,str_mlo_nmaxinflights_1,0.008194444444444445,3095469.5,26.51044,2988.9129166666667
radio_propagation,radio-propagation-qualification-p18,adaptive,score_aware_t2_v2,0.0061111111111111106,3338363.5,26.50884,2801.083611111111
radio_propagation,radio-propagation-qualification-p18,adaptive,distributional_shadow_t2,0.0061111111111111106,3436827.25,26.50932,2750.0930555555556
radio_propagation,radio-propagation-qualification-p19,fixed,str_mlo_nmaxinflights_1,0.009166666666666667,4443484.0,27.08228,4155.518194444445
radio_propagation,radio-propagation-qualification-p19,fixed,score_aware_t2_v2,0.008472222222222223,5293275.75,27.08032,4397.85
radio_propagation,radio-propagation-qualification-p19,fixed,distributional_shadow_t2,0.007361111111111111,5415189.0,27.080280000000002,4331.118194444444
radio_propagation,radio-propagation-qualification-p19,adaptive,str_mlo_nmaxinflights_1,0.01375,3612285.5,27.082160000000002,3665.1143055555553
radio_propagation,radio-propagation-qualification-p19,adaptive,score_aware_t2_v2,0.013194444444444444,4495303.5,27.08068,3857.7281944444444
radio_propagation,radio-propagation-qualification-p19,adaptive,distributional_shadow_t2,0.011944444444444445,4625661.75,27.08056,3793.928472222222
radio_propagation,radio-propagation-qualification-p20,fixed,str_mlo_nmaxinflights_1,0.06958333333333333,6837293.0,26.647,8368.621805555556
radio_propagation,radio-propagation-qualification-p20,fixed,score_aware_t2_v2,0.08555555555555557,8131806.75,26.643440000000002,8675.591944444444
radio_propagation,radio-propagation-qualification-p20,fixed,distributional_shadow_t2,0.06791666666666667,8494619.75,26.64232,8171.922916666666
radio_propagation,radio-propagation-qualification-p20,adaptive,str_mlo_nmaxinflights_1,0.1313888888888889,9457932.5,26.64676,10530.891666666666
radio_propagation,radio-propagation-qualification-p20,adaptive,score_aware_t2_v2,0.20125,12121066.0,26.64592,12417.736527777777
radio_propagation,radio-propagation-qualification-p20,adaptive,distributional_shadow_t2,0.1713888888888889,13075347.25,26.64456,11503.399722222222
radio_propagation,radio-propagation-qualification-p21,fixed,str_mlo_nmaxinflights_1,0.009444444444444445,4443147.0,26.249679999999998,4076.2463888888888
radio_propagation,radio-propagation-qualification-p21,fixed,score_aware_t2_v2,0.010555555555555556,5356471.75,26.2488,4502.679861111111
radio_propagation,radio-propagation-qualification-p21,fixed,distributional_shadow_t2,0.009027777777777779,5455676.75,26.2488,4410.685
radio_propagation,radio-propagation-qualification-p21,adaptive,str_mlo_nmaxinflights_1,0.016527777777777777,4145902.5,25.39808,3916.5820833333332
radio_propagation,radio-propagation-qualification-p21,adaptive,score_aware_t2_v2,0.029305555555555557,5112753.25,26.2472,4987.67875
radio_propagation,radio-propagation-qualification-p21,adaptive,distributional_shadow_t2,0.020277777777777777,5534304.0,26.24716,4619.089583333333
radio_propagation,radio-propagation-qualification-p22,fixed,str_mlo_nmaxinflights_1,0.0006944444444444445,3520908.75,26.93532,2469.588333333333
radio_propagation,radio-propagation-qualification-p22,fixed,score_aware_t2_v2,0.00125,3830841.25,26.86872,2745.2991666666667
radio_propagation,radio-propagation-qualification-p22,fixed,distributional_shadow_t2,0.0006944444444444445,4030577.25,26.86872,2641.124027777778
radio_propagation,radio-propagation-qualification-p22,adaptive,str_mlo_nmaxinflights_1,0.0011111111111111111,2262248.0,26.93552,1770.6402777777778
radio_propagation,radio-propagation-qualification-p22,adaptive,score_aware_t2_v2,0.00125,2478765.25,26.93448,2021.3265277777778
radio_propagation,radio-propagation-qualification-p22,adaptive,distributional_shadow_t2,0.0015277777777777779,2565522.75,26.93436,1943.2931944444445
radio_propagation,radio-propagation-qualification-p23,fixed,str_mlo_nmaxinflights_1,0.24819444444444444,9726536.25,26.33972,16139.376805555556
radio_propagation,radio-propagation-qualification-p23,fixed,score_aware_t2_v2,0.3288888888888889,12291540.75,26.333,18646.238472222223
radio_propagation,radio-propagation-qualification-p23,fixed,distributional_shadow_t2,0.3025,12715897.75,26.33288,17941.54611111111
radio_propagation,radio-propagation-qualification-p23,adaptive,str_mlo_nmaxinflights_1,0.47805555555555557,20841773.0,26.33072,22027.019027777777
radio_propagation,radio-propagation-qualification-p23,adaptive,score_aware_t2_v2,0.7875,24376833.5,26.32824,28900.447083333333
radio_propagation,radio-propagation-qualification-p23,adaptive,distributional_shadow_t2,0.7477777777777778,26082125.0,26.32844,27962.848194444443
obss_intensity,obss-intensity-qualification-p16,fixed,str_mlo_nmaxinflights_1,0.028333333333333335,4538807.0,30.33484,4955.226805555556
obss_intensity,obss-intensity-qualification-p16,fixed,score_aware_t2_v2,0.028055555555555556,5466168.75,30.334600000000002,5205.28
obss_intensity,obss-intensity-qualification-p16,fixed,distributional_shadow_t2,0.024999999999999998,5593828.0,30.33444,5093.32125
obss_intensity,obss-intensity-qualification-p16,adaptive,str_mlo_nmaxinflights_1,0.03236111111111111,3740734.75,30.34216,4494.244722222222
obss_intensity,obss-intensity-qualification-p16,adaptive,score_aware_t2_v2,0.04375,4417703.75,30.33284,4969.045694444445
obss_intensity,obss-intensity-qualification-p16,adaptive,distributional_shadow_t2,0.03305555555555555,4529529.0,30.33308,4562.098888888889
obss_intensity,obss-intensity-qualification-p17,fixed,str_mlo_nmaxinflights_1,0.7209722222222222,6061842.5,72.62484,27083.745
obss_intensity,obss-intensity-qualification-p17,fixed,score_aware_t2_v2,0.5604166666666667,6488132.25,70.82384,23103.95888888889
obss_intensity,obss-intensity-qualification-p17,fixed,distributional_shadow_t2,0.5572222222222223,6570919.25,70.74876,23078.21138888889
obss_intensity,obss-intensity-qualification-p17,adaptive,str_mlo_nmaxinflights_1,0.73875,8203647.0,72.91268,27562.866527777776
obss_intensity,obss-intensity-qualification-p17,adaptive,score_aware_t2_v2,0.7994444444444444,6790617.25,71.94912,28987.33861111111
obss_intensity,obss-intensity-qualification-p17,adaptive,distributional_shadow_t2,0.7984722222222222,6933164.25,71.82024,28959.060555555556
obss_intensity,obss-intensity-qualification-p18,fixed,str_mlo_nmaxinflights_1,0.04416666666666667,4716788.75,40.85692,5730.636527777778
obss_intensity,obss-intensity-qualification-p18,fixed,score_aware_t2_v2,0.07902777777777778,5878432.75,40.72996,7525.097083333333
obss_intensity,obss-intensity-qualification-p18,fixed,distributional_shadow_t2,0.07777777777777778,6016922.25,40.85704,7534.321944444445
obss_intensity,obss-intensity-qualification-p18,adaptive,str_mlo_nmaxinflights_1,0.05291666666666667,4003846.0,40.85704,5494.610138888888
obss_intensity,obss-intensity-qualification-p18,adaptive,score_aware_t2_v2,0.08833333333333333,5465098.5,40.853719999999996,7169.61
obss_intensity,obss-intensity-qualification-p18,adaptive,distributional_shadow_t2,0.09041666666666666,5594218.25,40.85348,7304.768194444445
obss_intensity,obss-intensity-qualification-p19,fixed,str_mlo_nmaxinflights_1,0.28652777777777777,5826959.0,52.22288,14458.394722222221
obss_intensity,obss-intensity-qualification-p19,fixed,score_aware_t2_v2,0.37777777777777777,6840596.0,52.15796,17939.874722222223
obss_intensity,obss-intensity-qualification-p19,fixed,distributional_shadow_t2,0.3695833333333333,7096298.75,52.14466,17816.932777777776
obss_intensity,obss-intensity-qualification-p19,adaptive,str_mlo_nmaxinflights_1,0.27944444444444444,6659664.5,52.463319999999996,14780.040694444444
obss_intensity,obss-intensity-qualification-p19,adaptive,score_aware_t2_v2,0.3883333333333333,7719166.75,51.49922,18008.931666666667
obss_intensity,obss-intensity-qualification-p19,adaptive,distributional_shadow_t2,0.3655555555555556,8178590.5,51.49574,17580.40777777778
obss_intensity,obss-intensity-qualification-p20,fixed,str_mlo_nmaxinflights_1,0.9234722222222222,4321214.0,72.32836,31709.88597222222
obss_intensity,obss-intensity-qualification-p20,fixed,score_aware_t2_v2,0.925,4296437.25,71.426,31828.125
obss_intensity,obss-intensity-qualification-p20,fixed,distributional_shadow_t2,0.9302777777777778,4140200.5,71.72744,31924.139166666668
obss_intensity,obss-intensity-qualification-p20,adaptive,str_mlo_nmaxinflights_1,0.9543055555555555,4940728.5,71.13532000000001,32430.765694444446
obss_intensity,obss-intensity-qualification-p20,adaptive,score_aware_t2_v2,0.9686111111111111,4547447.5,71.07004,32708.765277777777
obss_intensity,obss-intensity-qualification-p20,adaptive,distributional_shadow_t2,0.9758333333333333,4543681.75,71.14565999999999,32847.00277777778
obss_intensity,obss-intensity-qualification-p21,fixed,str_mlo_nmaxinflights_1,0.03,4882158.5,39.250929066666664,5865.957361111112
obss_intensity,obss-intensity-qualification-p21,fixed,score_aware_t2_v2,0.03708333333333333,5858641.5,39.25053653333333,6449.395416666666
obss_intensity,obss-intensity-qualification-p21,fixed,distributional_shadow_t2,0.035416666666666666,5997649.0,39.25078186666667,6468.757083333334
obss_intensity,obss-intensity-qualification-p21,adaptive,str_mlo_nmaxinflights_1,0.029166666666666667,4013850.25,39.254020266666664,5122.678472222222
obss_intensity,obss-intensity-qualification-p21,adaptive,score_aware_t2_v2,0.0475,4980563.5,39.25068373333333,5922.839444444445
obss_intensity,obss-intensity-qualification-p21,adaptive,distributional_shadow_t2,0.03805555555555556,5152985.0,39.25078186666667,5634.379027777777
obss_intensity,obss-intensity-qualification-p22,fixed,str_mlo_nmaxinflights_1,0.08180555555555556,5123194.0,46.06457173333333,7940.440277777778
obss_intensity,obss-intensity-qualification-p22,fixed,score_aware_t2_v2,0.10347222222222222,5967264.25,46.06466986666667,8612.539166666666
obss_intensity,obss-intensity-qualification-p22,fixed,distributional_shadow_t2,0.09513888888888888,6257024.25,46.0643264,8390.513194444444
obss_intensity,obss-intensity-qualification-p22,adaptive,str_mlo_nmaxinflights_1,0.09138888888888888,4484133.25,46.06290346666667,7606.941666666667
obss_intensity,obss-intensity-qualification-p22,adaptive,score_aware_t2_v2,0.11055555555555556,5538068.0,46.060597333333334,8334.140138888888
obss_intensity,obss-intensity-qualification-p22,adaptive,distributional_shadow_t2,0.10722222222222222,5863221.5,46.06275626666667,8107.527083333333
obss_intensity,obss-intensity-qualification-p23,fixed,str_mlo_nmaxinflights_1,0.021666666666666667,4052644.25,18.1049,3916.8386111111113
obss_intensity,obss-intensity-qualification-p23,fixed,score_aware_t2_v2,0.025277777777777777,4712393.5,18.1053,4262.7425
obss_intensity,obss-intensity-qualification-p23,fixed,distributional_shadow_t2,0.02388888888888889,4874983.75,18.10538,4184.404583333333
obss_intensity,obss-intensity-qualification-p23,adaptive,str_mlo_nmaxinflights_1,0.03111111111111111,3634206.25,18.10418,3935.3893055555554
obss_intensity,obss-intensity-qualification-p23,adaptive,score_aware_t2_v2,0.03138888888888889,4395382.25,18.10594,4114.835972222222
obss_intensity,obss-intensity-qualification-p23,adaptive,distributional_shadow_t2,0.03097222222222222,4525890.0,18.1059,4102.8694444444445
obss_geometry_mac,obss-geometry-mac-qualification-p16,fixed,str_mlo_nmaxinflights_1,0.005138888888888889,3975667.75,26.6244,3293.5422222222223
obss_geometry_mac,obss-geometry-mac-qualification-p16,fixed,score_aware_t2_v2,0.005694444444444445,4452860.0,26.61916,3499.2797222222225
obss_geometry_mac,obss-geometry-mac-qualification-p16,fixed,distributional_shadow_t2,0.004583333333333333,4640043.25,26.61916,3365.471805555556
obss_geometry_mac,obss-geometry-mac-qualification-p16,adaptive,str_mlo_nmaxinflights_1,0.008611111111111111,3300499.5,26.62488,3018.6843055555555
obss_geometry_mac,obss-geometry-mac-qualification-p16,adaptive,score_aware_t2_v2,0.009722222222222222,3607993.5,26.62456,3049.581388888889
obss_geometry_mac,obss-geometry-mac-qualification-p16,adaptive,distributional_shadow_t2,0.008611111111111111,3783041.25,26.62456,2921.4162499999998
obss_geometry_mac,obss-geometry-mac-qualification-p17,fixed,str_mlo_nmaxinflights_1,0.002361111111111111,3848751.25,26.66572,2966.4063888888886
obss_geometry_mac,obss-geometry-mac-qualification-p17,fixed,score_aware_t2_v2,0.0018055555555555557,4440771.75,26.66572,3252.512083333333
obss_geometry_mac,obss-geometry-mac-qualification-p17,fixed,distributional_shadow_t2,0.0020833333333333333,4558770.5,26.66572,3234.8720833333336
obss_geometry_mac,obss-geometry-mac-qualification-p17,adaptive,str_mlo_nmaxinflights_1,0.0043055555555555555,3347099.25,26.66572,2758.2648611111113
obss_geometry_mac,obss-geometry-mac-qualification-p17,adaptive,score_aware_t2_v2,0.004722222222222222,4058696.5,26.665680000000002,2989.7768055555557
obss_geometry_mac,obss-geometry-mac-qualification-p17,adaptive,distributional_shadow_t2,0.004861111111111111,4182386.25,26.665680000000002,2983.837777777778
obss_geometry_mac,obss-geometry-mac-qualification-p18,fixed,str_mlo_nmaxinflights_1,0.008194444444444445,4033800.5,26.52368,3623.177777777778
obss_geometry_mac,obss-geometry-mac-qualification-p18,fixed,score_aware_t2_v2,0.00875,5023189.25,26.52368,4197.417777777778
obss_geometry_mac,obss-geometry-mac-qualification-p18,fixed,distributional_shadow_t2,0.014305555555555556,5056022.25,26.52368,4460.789027777778
obss_geometry_mac,obss-geometry-mac-qualification-p18,adaptive,str_mlo_nmaxinflights_1,0.014027777777777778,3736913.25,26.52368,3579.085972222222
obss_geometry_mac,obss-geometry-mac-qualification-p18,adaptive,score_aware_t2_v2,0.015277777777777777,4887878.75,26.52248,3995.2770833333334
obss_geometry_mac,obss-geometry-mac-qualification-p18,adaptive,distributional_shadow_t2,0.02388888888888889,4857984.75,26.52248,4388.991527777778
obss_geometry_mac,obss-geometry-mac-qualification-p19,fixed,str_mlo_nmaxinflights_1,0.011388888888888888,4625467.5,26.86904,4531.269027777778
obss_geometry_mac,obss-geometry-mac-qualification-p19,fixed,score_aware_t2_v2,0.010555555555555556,5244498.0,26.86652,4643.374305555555
obss_geometry_mac,obss-geometry-mac-qualification-p19,fixed,distributional_shadow_t2,0.011527777777777777,5441212.75,26.86716,4647.327222222222
obss_geometry_mac,obss-geometry-mac-qualification-p19,adaptive,str_mlo_nmaxinflights_1,0.01611111111111111,3702020.25,26.8686,4010.1744444444444
obss_geometry_mac,obss-geometry-mac-qualification-p19,adaptive,score_aware_t2_v2,0.014166666666666666,4415601.5,26.86964,4092.8709722222225
obss_geometry_mac,obss-geometry-mac-qualification-p19,adaptive,distributional_shadow_t2,0.01513888888888889,4571324.25,26.86896,4095.224583333333
obss_geometry_mac,obss-geometry-mac-qualification-p20,fixed,str_mlo_nmaxinflights_1,0.014166666666666666,4657052.5,26.464,4788.948194444444
obss_geometry_mac,obss-geometry-mac-qualification-p20,fixed,score_aware_t2_v2,0.012361111111111111,5002335.25,26.464,4454.2827777777775
obss_geometry_mac,obss-geometry-mac-qualification-p20,fixed,distributional_shadow_t2,0.012638888888888889,5302288.0,26.464,4361.454027777778
obss_geometry_mac,obss-geometry-mac-qualification-p20,adaptive,str_mlo_nmaxinflights_1,0.016805555555555556,3956434.75,26.464,4281.809444444444
obss_geometry_mac,obss-geometry-mac-qualification-p20,adaptive,score_aware_t2_v2,0.01972222222222222,4537043.5,26.46328,4088.7808333333332
obss_geometry_mac,obss-geometry-mac-qualification-p20,adaptive,distributional_shadow_t2,0.018055555555555554,4754255.0,26.46328,4018.7027777777776
obss_geometry_mac,obss-geometry-mac-qualification-p21,fixed,str_mlo_nmaxinflights_1,0.010833333333333334,4367152.0,26.70844,4188.827222222222
obss_geometry_mac,obss-geometry-mac-qualification-p21,fixed,score_aware_t2_v2,0.006805555555555555,4554193.0,26.70608,3720.9625
obss_geometry_mac,obss-geometry-mac-qualification-p21,fixed,distributional_shadow_t2,0.0061111111111111106,4869452.0,26.70724,3644.2604166666665
obss_geometry_mac,obss-geometry-mac-qualification-p21,adaptive,str_mlo_nmaxinflights_1,0.014583333333333334,3740426.5,26.70996,3827.942361111111
obss_geometry_mac,obss-geometry-mac-qualification-p21,adaptive,score_aware_t2_v2,0.018333333333333333,4453224.5,26.70152,3927.7023611111113
obss_geometry_mac,obss-geometry-mac-qualification-p21,adaptive,distributional_shadow_t2,0.013194444444444444,4643565.0,26.70168,3671.168888888889
obss_geometry_mac,obss-geometry-mac-qualification-p22,fixed,str_mlo_nmaxinflights_1,0.013888888888888888,4156005.75,26.63544,4138.111666666667
obss_geometry_mac,obss-geometry-mac-qualification-p22,fixed,score_aware_t2_v2,0.018055555555555554,4731438.75,26.63544,4366.254861111111
obss_geometry_mac,obss-geometry-mac-qualification-p22,fixed,distributional_shadow_t2,0.020416666666666666,4924457.25,26.63544,4389.409583333333
obss_geometry_mac,obss-geometry-mac-qualification-p22,adaptive,str_mlo_nmaxinflights_1,0.017083333333333332,3450884.75,26.63544,3675.3481944444447
obss_geometry_mac,obss-geometry-mac-qualification-p22,adaptive,score_aware_t2_v2,0.01916666666666667,4514855.0,26.63544,4048.8968055555556
obss_geometry_mac,obss-geometry-mac-qualification-p22,adaptive,distributional_shadow_t2,0.023888888888888887,4562808.5,26.63544,4165.000555555555
obss_geometry_mac,obss-geometry-mac-qualification-p23,fixed,str_mlo_nmaxinflights_1,0.007916666666666667,4042508.75,26.84732,3646.0125
obss_geometry_mac,obss-geometry-mac-qualification-p23,fixed,score_aware_t2_v2,0.0075,4933247.0,26.84732,4015.488611111111
obss_geometry_mac,obss-geometry-mac-qualification-p23,fixed,distributional_shadow_t2,0.01,5015918.5,26.84732,4193.207777777778
obss_geometry_mac,obss-geometry-mac-qualification-p23,adaptive,str_mlo_nmaxinflights_1,0.01138888888888889,3502837.75,26.84732,3427.896527777778
obss_geometry_mac,obss-geometry-mac-qualification-p23,adaptive,score_aware_t2_v2,0.013333333333333334,4289897.25,26.84732,3588.871666666667
obss_geometry_mac,obss-geometry-mac-qualification-p23,adaptive,distributional_shadow_t2,0.018194444444444444,4290133.0,26.84732,3875.1134722222223
video_workload,video-workload-qualification-p16,fixed,str_mlo_nmaxinflights_1,0.01826388888888889,5817001.25,26.23728,2697.3595138888886
video_workload,video-workload-qualification-p16,fixed,score_aware_t2_v2,0.02777777777777778,6751311.25,26.2348,3057.722222222222
video_workload,video-workload-qualification-p16,fixed,distributional_shadow_t2,0.028541666666666667,6790170.25,26.2352,3057.8169444444443
video_workload,video-workload-qualification-p16,adaptive,str_mlo_nmaxinflights_1,0.020277777777777777,4729910.25,26.23608,2335.998125
video_workload,video-workload-qualification-p16,adaptive,score_aware_t2_v2,0.03131944444444444,5751974.5,26.23056,2732.7819444444444
video_workload,video-workload-qualification-p16,adaptive,distributional_shadow_t2,0.029444444444444443,5820225.25,26.22976,2685.5905555555555
video_workload,video-workload-qualification-p17,fixed,str_mlo_nmaxinflights_1,0.028958333333333332,8745437.75,26.7426,3694.0421527777776
video_workload,video-workload-qualification-p17,fixed,score_aware_t2_v2,0.04597222222222223,9855391.0,26.738680000000002,4092.531736111111
video_workload,video-workload-qualification-p17,fixed,distributional_shadow_t2,0.042986111111111114,9868357.5,26.73844,4073.47375
video_workload,video-workload-qualification-p17,adaptive,str_mlo_nmaxinflights_1,0.028055555555555556,6745912.0,26.74152,3085.2840277777777
video_workload,video-workload-qualification-p17,adaptive,score_aware_t2_v2,0.040625,7790390.25,26.74168,3323.9181944444445
video_workload,video-workload-qualification-p17,adaptive,distributional_shadow_t2,0.03777777777777778,7736382.5,26.74172,3326.7351388888887
video_workload,video-workload-qualification-p18,fixed,str_mlo_nmaxinflights_1,0.009375,3925653.75,26.85892,4753.2626736111115
video_workload,video-workload-qualification-p18,fixed,score_aware_t2_v2,0.004861111111111111,4194030.5,26.85976,4047.100520833333
video_workload,video-workload-qualification-p18,fixed,distributional_shadow_t2,0.0036458333333333334,4412670.0,26.8598,3914.171875
video_workload,video-workload-qualification-p18,adaptive,str_mlo_nmaxinflights_1,0.013368055555555557,3389152.75,26.859560000000002,4363.790277777778
video_workload,video-workload-qualification-p18,adaptive,score_aware_t2_v2,0.010590277777777778,3571665.75,26.85884,3525.3996527777776
video_workload,video-workload-qualification-p18,adaptive,distributional_shadow_t2,0.008333333333333333,3664705.0,26.858800000000002,3433.9001736111113
video_workload,video-workload-qualification-p19,fixed,str_mlo_nmaxinflights_1,0.008611111111111111,3892198.25,26.34484,3699.314027777778
video_workload,video-workload-qualification-p19,fixed,score_aware_t2_v2,0.0044444444444444444,4213265.5,26.3436,3451.0740277777777
video_workload,video-workload-qualification-p19,fixed,distributional_shadow_t2,0.004166666666666667,4489400.25,26.34396,3344.990277777778
video_workload,video-workload-qualification-p19,adaptive,str_mlo_nmaxinflights_1,0.009583333333333333,3160828.0,26.34468,3235.9797222222223
video_workload,video-workload-qualification-p19,adaptive,score_aware_t2_v2,0.008333333333333333,3561659.75,26.344279999999998,3058.1669444444447
video_workload,video-workload-qualification-p19,adaptive,distributional_shadow_t2,0.007361111111111111,3751549.75,26.344279999999998,2991.4572222222223
video_workload,video-workload-qualification-p20,fixed,str_mlo_nmaxinflights_1,0.0077777777777777776,3843270.25,26.45928,2332.6477777777777
video_workload,video-workload-qualification-p20,fixed,score_aware_t2_v2,0.004907407407407407,4342764.0,26.45812,2310.2328703703706
video_workload,video-workload-qualification-p20,fixed,distributional_shadow_t2,0.007222222222222222,4472715.25,26.4586,2329.088888888889
video_workload,video-workload-qualification-p20,adaptive,str_mlo_nmaxinflights_1,0.008796296296296297,2949258.5,26.45864,1970.193888888889
video_workload,video-workload-qualification-p20,adaptive,score_aware_t2_v2,0.010555555555555554,3529890.25,26.45908,2094.7689814814817
video_workload,video-workload-qualification-p20,adaptive,distributional_shadow_t2,0.008425925925925925,3637097.5,26.45956,1980.470925925926
video_workload,video-workload-qualification-p21,fixed,str_mlo_nmaxinflights_1,0.004861111111111111,3329775.5,26.614800000000002,3189.3748611111114
video_workload,video-workload-qualification-p21,fixed,score_aware_t2_v2,0.004027777777777778,3943563.25,26.614,3200.818611111111
video_workload,video-workload-qualification-p21,fixed,distributional_shadow_t2,0.00375,4057511.25,26.61388,3160.7675
video_workload,video-workload-qualification-p21,adaptive,str_mlo_nmaxinflights_1,0.012222222222222223,2703633.0,26.61356,2908.9098611111112
video_workload,video-workload-qualification-p21,adaptive,score_aware_t2_v2,0.007222222222222222,3258408.25,26.61424,2799.7834722222224
video_workload,video-workload-qualification-p21,adaptive,distributional_shadow_t2,0.006666666666666666,3351257.25,26.61456,2728.971666666667
video_workload,video-workload-qualification-p22,fixed,str_mlo_nmaxinflights_1,0.013703703703703704,5758093.25,26.7964,3281.6769444444444
video_workload,video-workload-qualification-p22,fixed,score_aware_t2_v2,0.022314814814814815,6778323.75,26.7948,3845.867222222222
video_workload,video-workload-qualification-p22,fixed,distributional_shadow_t2,0.024444444444444442,6846020.75,26.794719999999998,3900.9994444444446
video_workload,video-workload-qualification-p22,adaptive,str_mlo_nmaxinflights_1,0.01916666666666667,4679851.25,26.79708,2911.281111111111
video_workload,video-workload-qualification-p22,adaptive,score_aware_t2_v2,0.029074074074074075,5737808.5,26.79532,3409.5589814814816
video_workload,video-workload-qualification-p22,adaptive,distributional_shadow_t2,0.026574074074074076,5764924.0,26.79552,3398.679074074074
video_workload,video-workload-qualification-p23,fixed,str_mlo_nmaxinflights_1,0.0026041666666666665,1629176.0,26.48776,1896.4671875
video_workload,video-workload-qualification-p23,fixed,score_aware_t2_v2,0.0024305555555555556,1886886.75,26.4866,1952.5263888888887
video_workload,video-workload-qualification-p23,fixed,distributional_shadow_t2,0.0005208333333333333,2004699.75,26.48648,1690.7494791666668
video_workload,video-workload-qualification-p23,adaptive,str_mlo_nmaxinflights_1,0.0050347222222222225,1383579.25,26.487479999999998,1779.3831597222222
video_workload,video-workload-qualification-p23,adaptive,score_aware_t2_v2,0.0038194444444444443,1614544.25,26.4848,1912.104513888889
video_workload,video-workload-qualification-p23,adaptive,distributional_shadow_t2,0.001388888888888889,1748480.25,26.48468,1535.4135416666668
legacy_coexistence,legacy-coexistence-qualification-p16,fixed,str_mlo_nmaxinflights_1,0.02847222222222222,5052413.5,26.56676,5753.195138888888
legacy_coexistence,legacy-coexistence-qualification-p16,fixed,score_aware_t2_v2,0.03166666666666667,5283358.0,26.56484,5592.7804166666665
legacy_coexistence,legacy-coexistence-qualification-p16,fixed,distributional_shadow_t2,0.02625,5422385.0,26.56472,5375.313611111111
legacy_coexistence,legacy-coexistence-qualification-p16,adaptive,str_mlo_nmaxinflights_1,0.03861111111111111,4621428.0,26.56532,5387.725694444444
legacy_coexistence,legacy-coexistence-qualification-p16,adaptive,score_aware_t2_v2,0.04875,5104484.25,26.56372,5554.14625
legacy_coexistence,legacy-coexistence-qualification-p16,adaptive,distributional_shadow_t2,0.035277777777777776,5476671.5,26.56348,5253.69
legacy_coexistence,legacy-coexistence-qualification-p17,fixed,str_mlo_nmaxinflights_1,0.3023611111111111,6263381.0,26.90212,15464.605833333333
legacy_coexistence,legacy-coexistence-qualification-p17,fixed,score_aware_t2_v2,0.47388888888888886,7029593.75,26.85932,21207.26625
legacy_coexistence,legacy-coexistence-qualification-p17,fixed,distributional_shadow_t2,0.46069444444444446,7276596.0,26.85952,20937.753333333334
legacy_coexistence,legacy-coexistence-qualification-p17,adaptive,str_mlo_nmaxinflights_1,0.31875,6189009.5,26.8904,15520.065277777778
legacy_coexistence,legacy-coexistence-qualification-p17,adaptive,score_aware_t2_v2,0.5619444444444445,8659681.0,26.83728,23011.893055555556
legacy_coexistence,legacy-coexistence-qualification-p17,adaptive,distributional_shadow_t2,0.5580555555555555,8891613.5,26.83676,22961.6875
legacy_coexistence,legacy-coexistence-qualification-p18,fixed,str_mlo_nmaxinflights_1,0.13083333333333333,5549308.25,26.545160000000003,10030.08
legacy_coexistence,legacy-coexistence-qualification-p18,fixed,score_aware_t2_v2,0.2797222222222222,7370389.0,26.536360000000002,16045.787777777778
legacy_coexistence,legacy-coexistence-qualification-p18,fixed,distributional_shadow_t2,0.27652777777777776,7450001.75,26.53752,15999.720000000001
legacy_coexistence,legacy-coexistence-qualification-p18,adaptive,str_mlo_nmaxinflights_1,0.14208333333333334,5243680.75,26.542559999999998,9930.04625
legacy_coexistence,legacy-coexistence-qualification-p18,adaptive,score_aware_t2_v2,0.2777777777777778,6825865.75,26.5398,15709.349166666667
legacy_coexistence,legacy-coexistence-qualification-p18,adaptive,distributional_shadow_t2,0.27208333333333334,6868638.0,26.5384,15575.077916666667
legacy_coexistence,legacy-coexistence-qualification-p19,fixed,str_mlo_nmaxinflights_1,0.06166666666666667,4722157.5,26.49072,6638.260416666667
legacy_coexistence,legacy-coexistence-qualification-p19,fixed,score_aware_t2_v2,0.12444444444444444,6018301.75,25.51124,9480.898888888889
legacy_coexistence,legacy-coexistence-qualification-p19,fixed,distributional_shadow_t2,0.12305555555555556,6075551.0,25.511000000000003,9453.09375
legacy_coexistence,legacy-coexistence-qualification-p19,adaptive,str_mlo_nmaxinflights_1,0.07083333333333333,4309189.0,26.48472,6512.290138888889
legacy_coexistence,legacy-coexistence-qualification-p19,adaptive,score_aware_t2_v2,0.14930555555555555,5599701.25,26.487000000000002,10017.600972222222
legacy_coexistence,legacy-coexistence-qualification-p19,adaptive,distributional_shadow_t2,0.13930555555555557,5711958.0,26.48452,9795.698055555555
legacy_coexistence,legacy-coexistence-qualification-p20,fixed,str_mlo_nmaxinflights_1,0.027777777777777776,4157207.0,26.69588,4521.383333333333
legacy_coexistence,legacy-coexistence-qualification-p20,fixed,score_aware_t2_v2,0.08652777777777777,5778618.75,26.69312,7868.296249999999
legacy_coexistence,legacy-coexistence-qualification-p20,fixed,distributional_shadow_t2,0.08513888888888889,5771452.5,26.69256,7977.727916666667
legacy_coexistence,legacy-coexistence-qualification-p20,adaptive,str_mlo_nmaxinflights_1,0.02708333333333333,3341571.75,26.69728,3881.797777777778
legacy_coexistence,legacy-coexistence-qualification-p20,adaptive,score_aware_t2_v2,0.08888888888888889,5255278.0,26.69436,7180.002777777778
legacy_coexistence,legacy-coexistence-qualification-p20,adaptive,distributional_shadow_t2,0.08736111111111111,5248442.75,26.69388,7275.903333333333
legacy_coexistence,legacy-coexistence-qualification-p21,fixed,str_mlo_nmaxinflights_1,0.10611111111111111,4921778.75,26.90132,8428.542083333334
legacy_coexistence,legacy-coexistence-qualification-p21,fixed,score_aware_t2_v2,0.27152777777777776,6848287.75,26.88296,15114.398888888889
legacy_coexistence,legacy-coexistence-qualification-p21,fixed,distributional_shadow_t2,0.26916666666666667,6921091.25,26.882199999999997,15113.669166666667
legacy_coexistence,legacy-coexistence-qualification-p21,adaptive,str_mlo_nmaxinflights_1,0.11166666666666666,4569940.25,24.83912,7773.892777777778
legacy_coexistence,legacy-coexistence-qualification-p21,adaptive,score_aware_t2_v2,0.31583333333333335,7372786.75,26.881240000000002,15748.382916666667
legacy_coexistence,legacy-coexistence-qualification-p21,adaptive,distributional_shadow_t2,0.31069444444444444,7466765.5,26.88044,15842.974583333335
legacy_coexistence,legacy-coexistence-qualification-p22,fixed,str_mlo_nmaxinflights_1,0.8748611111111111,8069617.75,26.21296,30842.28111111111
legacy_coexistence,legacy-coexistence-qualification-p22,fixed,score_aware_t2_v2,0.8943055555555556,6520899.75,26.02268,31482.01375
legacy_coexistence,legacy-coexistence-qualification-p22,fixed,distributional_shadow_t2,0.8898611111111111,6835548.0,26.0014,31416.209305555556
legacy_coexistence,legacy-coexistence-qualification-p22,adaptive,str_mlo_nmaxinflights_1,0.9016666666666666,14188306.5,26.13616,31551.498194444444
legacy_coexistence,legacy-coexistence-qualification-p22,adaptive,score_aware_t2_v2,0.9302777777777778,8073360.25,25.80544,32051.437222222223
legacy_coexistence,legacy-coexistence-qualification-p22,adaptive,distributional_shadow_t2,0.928611111111111,8560560.0,25.788520000000002,32018.13388888889
legacy_coexistence,legacy-coexistence-qualification-p23,fixed,str_mlo_nmaxinflights_1,0.05694444444444444,5326218.25,26.8002,7098.315416666666
legacy_coexistence,legacy-coexistence-qualification-p23,fixed,score_aware_t2_v2,0.08805555555555555,6236970.75,26.79248,8936.350972222222
legacy_coexistence,legacy-coexistence-qualification-p23,fixed,distributional_shadow_t2,0.08069444444444444,6391215.25,26.7912,8696.570138888888
legacy_coexistence,legacy-coexistence-qualification-p23,adaptive,str_mlo_nmaxinflights_1,0.05333333333333334,4651954.75,26.79652,6560.943333333334
legacy_coexistence,legacy-coexistence-qualification-p23,adaptive,score_aware_t2_v2,0.08583333333333333,5321764.25,26.79308,8014.310694444444
legacy_coexistence,legacy-coexistence-qualification-p23,adaptive,distributional_shadow_t2,0.08041666666666666,5492436.5,26.79232,7954.389722222222
compound_shift,compound-shift-qualification-p16,fixed,str_mlo_nmaxinflights_1,0.39774305555555556,4359450.75,39.51072,21972.050520833334
compound_shift,compound-shift-qualification-p16,fixed,score_aware_t2_v2,0.5170138888888889,4855134.5,39.49224,27150.994791666668
compound_shift,compound-shift-qualification-p16,fixed,distributional_shadow_t2,0.4973958333333333,5128817.0,39.48332,26548.255729166667
compound_shift,compound-shift-qualification-p16,adaptive,str_mlo_nmaxinflights_1,0.41041666666666665,6544662.75,39.456,22439.063194444447
compound_shift,compound-shift-qualification-p16,adaptive,score_aware_t2_v2,0.6194444444444445,6312101.75,39.4022,29945.547569444447
compound_shift,compound-shift-qualification-p16,adaptive,distributional_shadow_t2,0.5782986111111111,7039672.0,39.202400000000004,28605.936458333334
compound_shift,compound-shift-qualification-p17,fixed,str_mlo_nmaxinflights_1,0.07680555555555556,4165884.0,29.50524,6793.791527777777
compound_shift,compound-shift-qualification-p17,fixed,score_aware_t2_v2,0.22083333333333333,5784886.75,28.33232,12741.930972222222
compound_shift,compound-shift-qualification-p17,fixed,distributional_shadow_t2,0.2075,5843566.75,28.330759999999998,12644.380694444444
compound_shift,compound-shift-qualification-p17,adaptive,str_mlo_nmaxinflights_1,0.09458333333333332,3817708.0,29.50296,6951.497638888889
compound_shift,compound-shift-qualification-p17,adaptive,score_aware_t2_v2,0.2875,5455509.75,29.49496,14630.582083333333
compound_shift,compound-shift-qualification-p17,adaptive,distributional_shadow_t2,0.26569444444444446,5872101.25,29.49444,14114.745833333334
compound_shift,compound-shift-qualification-p18,fixed,str_mlo_nmaxinflights_1,0.027256944444444445,3107876.25,40.2272,4837.617534722222
compound_shift,compound-shift-qualification-p18,fixed,score_aware_t2_v2,0.050347222222222224,3911205.75,40.21628,6987.9625
compound_shift,compound-shift-qualification-p18,fixed,distributional_shadow_t2,0.04565972222222222,3895725.25,40.21164,6895.640798611112
compound_shift,compound-shift-qualification-p18,adaptive,str_mlo_nmaxinflights_1,0.027083333333333334,2380180.75,40.22708,4270.741493055555
compound_shift,compound-shift-qualification-p18,adaptive,score_aware_t2_v2,0.052256944444444446,3379688.25,40.22116,6438.256076388889
compound_shift,compound-shift-qualification-p18,adaptive,distributional_shadow_t2,0.059548611111111115,3223900.75,40.21928,6936.304166666667
compound_shift,compound-shift-qualification-p19,fixed,str_mlo_nmaxinflights_1,0.08944444444444444,5171193.0,22.75584,8095.55375
compound_shift,compound-shift-qualification-p19,fixed,score_aware_t2_v2,0.2713888888888889,7126437.75,22.74832,15553.91138888889
compound_shift,compound-shift-qualification-p19,fixed,distributional_shadow_t2,0.26416666666666666,7172107.5,22.74736,15445.475277777778
compound_shift,compound-shift-qualification-p19,adaptive,str_mlo_nmaxinflights_1,0.09236111111111112,4798247.75,22.76108,7660.744722222223
compound_shift,compound-shift-qualification-p19,adaptive,score_aware_t2_v2,0.27958333333333335,7154792.75,22.65908,15351.447638888889
compound_shift,compound-shift-qualification-p19,adaptive,distributional_shadow_t2,0.26125,7401515.75,22.65424,15065.482083333332
compound_shift,compound-shift-qualification-p20,fixed,str_mlo_nmaxinflights_1,0.8323148148148148,11499697.5,48.62504,19765.254074074073
compound_shift,compound-shift-qualification-p20,fixed,score_aware_t2_v2,0.8413888888888889,7959205.75,48.30832,20005.130925925925
compound_shift,compound-shift-qualification-p20,fixed,distributional_shadow_t2,0.8391666666666666,8341329.25,48.30328,19978.854444444445
compound_shift,compound-shift-qualification-p20,adaptive,str_mlo_nmaxinflights_1,0.7819444444444444,16155765.75,46.51944,18430.912685185187
compound_shift,compound-shift-qualification-p20,adaptive,score_aware_t2_v2,0.8982407407407408,8334642.0,48.3798,20777.543796296297
compound_shift,compound-shift-qualification-p20,adaptive,distributional_shadow_t2,0.8975,8957844.75,48.374880000000005,20761.939814814814
compound_shift,compound-shift-qualification-p21,fixed,str_mlo_nmaxinflights_1,0.10703703703703704,6565126.0,21.27968,6275.735185185185
compound_shift,compound-shift-qualification-p21,fixed,score_aware_t2_v2,0.17342592592592593,7873673.25,22.12932,8043.051851851852
compound_shift,compound-shift-qualification-p21,fixed,distributional_shadow_t2,0.1575925925925926,8164040.0,22.12868,7765.014722222222
compound_shift,compound-shift-qualification-p21,adaptive,str_mlo_nmaxinflights_1,0.1648148148148148,8228608.75,22.13716,7584.729074074074
compound_shift,compound-shift-qualification-p21,adaptive,score_aware_t2_v2,0.26981481481481484,9845235.25,21.85568,9933.79824074074
compound_shift,compound-shift-qualification-p21,adaptive,distributional_shadow_t2,0.22574074074074074,10282886.5,21.85564,9250.962870370371
compound_shift,compound-shift-qualification-p22,fixed,str_mlo_nmaxinflights_1,0.9981481481481481,5554671.666666667,63.25477333333333,41612.05023148149
compound_shift,compound-shift-qualification-p22,fixed,score_aware_t2_v2,0.9983796296296297,2499543.6666666665,63.50522666666666,41630.35162037037
compound_shift,compound-shift-qualification-p22,fixed,distributional_shadow_t2,0.9990740740740741,2383626.3333333335,63.78832,41648.4900462963
compound_shift,compound-shift-qualification-p22,adaptive,str_mlo_nmaxinflights_1,0.9997685185185184,6185035.666666667,63.440693333333336,41661.38009259259
compound_shift,compound-shift-qualification-p22,adaptive,score_aware_t2_v2,0.9997685185185184,2595055.0,63.55648,41658.44212962963
compound_shift,compound-shift-qualification-p22,adaptive,distributional_shadow_t2,0.9997685185185184,2423881.6666666665,63.57749333333334,41658.44212962963
compound_shift,compound-shift-qualification-p23,fixed,str_mlo_nmaxinflights_1,0.7440277777777777,6588315.5,62.20384,27372.527777777777
compound_shift,compound-shift-qualification-p23,fixed,score_aware_t2_v2,0.84875,4080588.5,64.06448,30166.46388888889
compound_shift,compound-shift-qualification-p23,fixed,distributional_shadow_t2,0.8525,4318488.25,63.972319999999996,30283.315416666665
compound_shift,compound-shift-qualification-p23,adaptive,str_mlo_nmaxinflights_1,0.8369444444444445,10131117.0,63.78016,29726.487083333333
compound_shift,compound-shift-qualification-p23,adaptive,score_aware_t2_v2,0.9047222222222222,5589284.0,63.9186,31252.153055555555
compound_shift,compound-shift-qualification-p23,adaptive,distributional_shadow_t2,0.9047222222222222,5907904.5,63.848800000000004,31255.250416666666
