bound_type,budget,eligible_frames,eligible_misses,expected_topk_true_positives,k,pipeline_id,precision,recall,scenario_name,split_role,stage,status,tie_precision_lower,tie_precision_upper,tie_recall_lower,tie_recall_upper,topk_cutoff_score,topk_strict_count,topk_tie_count,topk_tie_slots
future_aware_global_topk,0.01,7200,1116,69.0,72,commodity_polling_1ms,0.9583333333333334,0.06182795698924731,stage_a_common_bursts,in_distribution_test,T0,ok,0.9583333333333334,0.9583333333333334,0.06182795698924731,0.06182795698924731,3.497307466537363,71,1,1
future_aware_global_topk,0.02,7200,1116,130.0,144,commodity_polling_1ms,0.9027777777777778,0.11648745519713262,stage_a_common_bursts,in_distribution_test,T0,ok,0.9027777777777778,0.9027777777777778,0.11648745519713262,0.11648745519713262,2.919046239643823,143,1,1
future_aware_global_topk,0.05,7200,1116,270.0,360,commodity_polling_1ms,0.75,0.24193548387096775,stage_a_common_bursts,in_distribution_test,T0,ok,0.75,0.75,0.24193548387096775,0.24193548387096775,1.9607326682641433,359,1,1
future_aware_global_topk,0.1,7200,1116,464.0,720,commodity_polling_1ms,0.6444444444444445,0.4157706093189964,stage_a_common_bursts,in_distribution_test,T0,ok,0.6444444444444445,0.6444444444444445,0.4157706093189964,0.4157706093189964,1.2215560824901324,719,1,1
future_aware_global_topk,0.2,7200,1116,706.0,1440,commodity_polling_1ms,0.49027777777777776,0.6326164874551972,stage_a_common_bursts,in_distribution_test,T0,ok,0.49027777777777776,0.49027777777777776,0.6326164874551972,0.6326164874551972,0.7860334024961407,1439,1,1
future_aware_global_topk,0.5,7200,1116,1040.0,3600,commodity_polling_1ms,0.28888888888888886,0.931899641577061,stage_a_common_bursts,in_distribution_test,T0,ok,0.28888888888888886,0.28888888888888886,0.931899641577061,0.931899641577061,-1.0890900669406876,3599,1,1
future_aware_global_topk,1.0,7200,1116,1116.0,7200,commodity_polling_1ms,0.155,1.0,stage_a_common_bursts,in_distribution_test,T0,ok,0.155,0.155,1.0,1.0,-3.845271777778252,7199,1,1
future_aware_global_topk,0.01,7200,1116,70.0,72,commodity_polling_1ms,0.9722222222222222,0.06272401433691756,stage_a_common_bursts,in_distribution_test,T1,ok,0.9722222222222222,0.9722222222222222,0.06272401433691756,0.06272401433691756,3.489783764165429,71,1,1
future_aware_global_topk,0.02,7200,1116,130.0,144,commodity_polling_1ms,0.9027777777777778,0.11648745519713262,stage_a_common_bursts,in_distribution_test,T1,ok,0.9027777777777778,0.9027777777777778,0.11648745519713262,0.11648745519713262,2.915789144492573,143,1,1
future_aware_global_topk,0.05,7200,1116,277.0,360,commodity_polling_1ms,0.7694444444444445,0.2482078853046595,stage_a_common_bursts,in_distribution_test,T1,ok,0.7694444444444445,0.7694444444444445,0.2482078853046595,0.2482078853046595,1.9285838997465414,359,1,1
future_aware_global_topk,0.1,7200,1116,463.0,720,commodity_polling_1ms,0.6430555555555556,0.41487455197132617,stage_a_common_bursts,in_distribution_test,T1,ok,0.6430555555555556,0.6430555555555556,0.41487455197132617,0.41487455197132617,1.2145128612379281,719,1,1
future_aware_global_topk,0.2,7200,1116,702.0,1440,commodity_polling_1ms,0.4875,0.6290322580645161,stage_a_common_bursts,in_distribution_test,T1,ok,0.4875,0.4875,0.6290322580645161,0.6290322580645161,0.7726912104242768,1439,1,1
future_aware_global_topk,0.5,7200,1116,1042.0,3600,commodity_polling_1ms,0.28944444444444445,0.9336917562724014,stage_a_common_bursts,in_distribution_test,T1,ok,0.28944444444444445,0.28944444444444445,0.9336917562724014,0.9336917562724014,-1.084497643775982,3598,3,2
future_aware_global_topk,1.0,7200,1116,1116.0,7200,commodity_polling_1ms,0.155,1.0,stage_a_common_bursts,in_distribution_test,T1,ok,0.155,0.155,1.0,1.0,-3.816156216145387,7199,1,1
future_aware_global_topk,0.01,7200,1116,66.0,72,commodity_polling_1ms,0.9166666666666666,0.05913978494623656,stage_a_common_bursts,in_distribution_test,T2,ok,0.9166666666666666,0.9166666666666666,0.05913978494623656,0.05913978494623656,3.1264699462260706,71,1,1
future_aware_global_topk,0.02,7200,1116,131.0,144,commodity_polling_1ms,0.9097222222222222,0.11738351254480286,stage_a_common_bursts,in_distribution_test,T2,ok,0.9097222222222222,0.9097222222222222,0.11738351254480286,0.11738351254480286,2.466317926258741,143,1,1
future_aware_global_topk,0.05,7200,1116,269.0,360,commodity_polling_1ms,0.7472222222222222,0.2410394265232975,stage_a_common_bursts,in_distribution_test,T2,ok,0.7472222222222222,0.7472222222222222,0.2410394265232975,0.2410394265232975,1.554066262681164,359,1,1
future_aware_global_topk,0.1,7200,1116,461.0,720,commodity_polling_1ms,0.6402777777777777,0.41308243727598565,stage_a_common_bursts,in_distribution_test,T2,ok,0.6402777777777777,0.6402777777777777,0.41308243727598565,0.41308243727598565,0.7972420619401864,719,1,1
future_aware_global_topk,0.2,7200,1116,691.0,1440,commodity_polling_1ms,0.4798611111111111,0.6191756272401434,stage_a_common_bursts,in_distribution_test,T2,ok,0.4798611111111111,0.4798611111111111,0.6191756272401434,0.6191756272401434,0.40128518573829136,1439,1,1
future_aware_global_topk,0.5,7200,1116,1057.0,3600,commodity_polling_1ms,0.2936111111111111,0.9471326164874552,stage_a_common_bursts,in_distribution_test,T2,ok,0.2936111111111111,0.2936111111111111,0.9471326164874552,0.9471326164874552,-0.9904751772602924,3599,1,1
future_aware_global_topk,1.0,7200,1116,1116.0,7200,commodity_polling_1ms,0.155,1.0,stage_a_common_bursts,in_distribution_test,T2,ok,0.155,0.155,1.0,1.0,-2.483262092740654,7199,1,1
future_aware_global_topk,0.01,7200,1116,68.0,72,commodity_polling_1ms,0.9444444444444444,0.06093189964157706,stage_a_common_bursts,in_distribution_test,T4,ok,0.9444444444444444,0.9444444444444444,0.06093189964157706,0.06093189964157706,3.0437239388964215,71,1,1
future_aware_global_topk,0.02,7200,1116,130.0,144,commodity_polling_1ms,0.9027777777777778,0.11648745519713262,stage_a_common_bursts,in_distribution_test,T4,ok,0.9027777777777778,0.9027777777777778,0.11648745519713262,0.11648745519713262,2.460267720105262,143,1,1
future_aware_global_topk,0.05,7200,1116,274.0,360,commodity_polling_1ms,0.7611111111111111,0.24551971326164876,stage_a_common_bursts,in_distribution_test,T4,ok,0.7611111111111111,0.7611111111111111,0.24551971326164876,0.24551971326164876,1.4548036663761805,359,1,1
future_aware_global_topk,0.1,7200,1116,467.0,720,commodity_polling_1ms,0.6486111111111111,0.41845878136200715,stage_a_common_bursts,in_distribution_test,T4,ok,0.6486111111111111,0.6486111111111111,0.41845878136200715,0.41845878136200715,0.6991626925201763,719,1,1
future_aware_global_topk,0.2,7200,1116,704.0,1440,commodity_polling_1ms,0.4888888888888889,0.6308243727598566,stage_a_common_bursts,in_distribution_test,T4,ok,0.4888888888888889,0.4888888888888889,0.6308243727598566,0.6308243727598566,0.34603366113957795,1439,1,1
future_aware_global_topk,0.5,7200,1116,1055.3333333333333,3600,commodity_polling_1ms,0.2931481481481481,0.9456391875746714,stage_a_common_bursts,in_distribution_test,T4,ok,0.29305555555555557,0.29333333333333333,0.9453405017921147,0.946236559139785,-0.9575600088187809,3596,12,4
future_aware_global_topk,1.0,7200,1116,1116.0,7200,commodity_polling_1ms,0.155,1.0,stage_a_common_bursts,in_distribution_test,T4,ok,0.155,0.155,1.0,1.0,-2.5619549513734117,7199,1,1
future_aware_global_topk,0.01,12600,1945,103.0,126,commodity_polling_1ms,0.8174603174603174,0.05295629820051414,stage_a_independent,in_distribution_test,T0,ok,0.8174603174603174,0.8174603174603174,0.05295629820051414,0.05295629820051414,3.021640327018595,125,1,1
future_aware_global_topk,0.02,12600,1945,196.0,252,commodity_polling_1ms,0.7777777777777778,0.10077120822622108,stage_a_independent,in_distribution_test,T0,ok,0.7777777777777778,0.7777777777777778,0.10077120822622108,0.10077120822622108,2.5630154097450686,251,1,1
future_aware_global_topk,0.05,12600,1945,437.0,630,commodity_polling_1ms,0.6936507936507936,0.22467866323907454,stage_a_independent,in_distribution_test,T0,ok,0.6936507936507936,0.6936507936507936,0.22467866323907454,0.22467866323907454,1.5285245957448632,629,1,1
future_aware_global_topk,0.1,12600,1945,694.0,1260,commodity_polling_1ms,0.5507936507936508,0.35681233933161954,stage_a_independent,in_distribution_test,T0,ok,0.5507936507936508,0.5507936507936508,0.35681233933161954,0.35681233933161954,0.9962594300647226,1259,1,1
future_aware_global_topk,0.2,12600,1945,1086.0,2520,commodity_polling_1ms,0.430952380952381,0.5583547557840617,stage_a_independent,in_distribution_test,T0,ok,0.430952380952381,0.430952380952381,0.5583547557840617,0.5583547557840617,0.5865062918140724,2519,1,1
future_aware_global_topk,0.5,12600,1945,1742.0,6300,commodity_polling_1ms,0.2765079365079365,0.8956298200514139,stage_a_independent,in_distribution_test,T0,ok,0.2765079365079365,0.2765079365079365,0.8956298200514139,0.8956298200514139,-0.7152384987240153,6299,1,1
future_aware_global_topk,1.0,12600,1945,1945.0,12600,commodity_polling_1ms,0.15436507936507937,1.0,stage_a_independent,in_distribution_test,T0,ok,0.15436507936507937,0.15436507936507937,1.0,1.0,-2.949375503639184,12598,2,2
future_aware_global_topk,0.01,12600,1945,99.0,126,commodity_polling_1ms,0.7857142857142857,0.05089974293059126,stage_a_independent,in_distribution_test,T1,ok,0.7857142857142857,0.7857142857142857,0.05089974293059126,0.05089974293059126,3.0100687062957663,125,1,1
future_aware_global_topk,0.02,12600,1945,198.0,252,commodity_polling_1ms,0.7857142857142857,0.10179948586118252,stage_a_independent,in_distribution_test,T1,ok,0.7857142857142857,0.7857142857142857,0.10179948586118252,0.10179948586118252,2.604152941918793,251,1,1
future_aware_global_topk,0.05,12600,1945,436.0,630,commodity_polling_1ms,0.692063492063492,0.22416452442159382,stage_a_independent,in_distribution_test,T1,ok,0.692063492063492,0.692063492063492,0.22416452442159382,0.22416452442159382,1.568934834507192,629,1,1
future_aware_global_topk,0.1,12600,1945,701.0,1260,commodity_polling_1ms,0.5563492063492064,0.36041131105398455,stage_a_independent,in_distribution_test,T1,ok,0.5563492063492064,0.5563492063492064,0.36041131105398455,0.36041131105398455,1.0115231753607454,1259,1,1
future_aware_global_topk,0.2,12600,1945,1100.0,2520,commodity_polling_1ms,0.4365079365079365,0.5655526992287918,stage_a_independent,in_distribution_test,T1,ok,0.4365079365079365,0.4365079365079365,0.5655526992287918,0.5655526992287918,0.5914066656810781,2519,1,1
future_aware_global_topk,0.5,12600,1945,1734.0,6300,commodity_polling_1ms,0.2752380952380952,0.8915167095115681,stage_a_independent,in_distribution_test,T1,ok,0.2752380952380952,0.2752380952380952,0.8915167095115681,0.8915167095115681,-0.7366706088434085,6299,1,1
future_aware_global_topk,1.0,12600,1945,1945.0,12600,commodity_polling_1ms,0.15436507936507937,1.0,stage_a_independent,in_distribution_test,T1,ok,0.15436507936507937,0.15436507936507937,1.0,1.0,-2.962553852147813,12599,1,1
future_aware_global_topk,0.01,12600,1945,102.0,126,commodity_polling_1ms,0.8095238095238095,0.05244215938303342,stage_a_independent,in_distribution_test,T2,ok,0.8095238095238095,0.8095238095238095,0.05244215938303342,0.05244215938303342,2.603921693731737,125,1,1
future_aware_global_topk,0.02,12600,1945,203.0,252,commodity_polling_1ms,0.8055555555555556,0.10437017994858612,stage_a_independent,in_distribution_test,T2,ok,0.8055555555555556,0.8055555555555556,0.10437017994858612,0.10437017994858612,2.120147248432606,251,1,1
future_aware_global_topk,0.05,12600,1945,432.0,630,commodity_polling_1ms,0.6857142857142857,0.22210796915167094,stage_a_independent,in_distribution_test,T2,ok,0.6857142857142857,0.6857142857142857,0.22210796915167094,0.22210796915167094,1.184530003105683,629,1,1
future_aware_global_topk,0.1,12600,1945,710.0,1260,commodity_polling_1ms,0.5634920634920635,0.36503856041131105,stage_a_independent,in_distribution_test,T2,ok,0.5634920634920635,0.5634920634920635,0.36503856041131105,0.36503856041131105,0.5712756372538847,1259,1,1
future_aware_global_topk,0.2,12600,1945,1086.0,2520,commodity_polling_1ms,0.430952380952381,0.5583547557840617,stage_a_independent,in_distribution_test,T2,ok,0.430952380952381,0.430952380952381,0.5583547557840617,0.5583547557840617,0.209076877237082,2519,1,1
future_aware_global_topk,0.5,12600,1945,1724.0,6300,commodity_polling_1ms,0.27365079365079364,0.8863753213367609,stage_a_independent,in_distribution_test,T2,ok,0.27365079365079364,0.27365079365079364,0.8863753213367609,0.8863753213367609,-0.7628534602879727,6299,1,1
future_aware_global_topk,1.0,12600,1945,1945.0,12600,commodity_polling_1ms,0.15436507936507937,1.0,stage_a_independent,in_distribution_test,T2,ok,0.15436507936507937,0.15436507936507937,1.0,1.0,-2.499808747717786,12599,1,1
future_aware_global_topk,0.01,12600,1945,105.0,126,commodity_polling_1ms,0.8333333333333334,0.05398457583547558,stage_a_independent,in_distribution_test,T4,ok,0.8333333333333334,0.8333333333333334,0.05398457583547558,0.05398457583547558,2.5669824660194025,125,1,1
future_aware_global_topk,0.02,12600,1945,200.0,252,commodity_polling_1ms,0.7936507936507936,0.10282776349614396,stage_a_independent,in_distribution_test,T4,ok,0.7936507936507936,0.7936507936507936,0.10282776349614396,0.10282776349614396,2.0833384761003186,251,1,1
future_aware_global_topk,0.05,12600,1945,447.0,630,commodity_polling_1ms,0.7095238095238096,0.22982005141388176,stage_a_independent,in_distribution_test,T4,ok,0.7095238095238096,0.7095238095238096,0.22982005141388176,0.22982005141388176,1.0896262269940962,629,1,1
future_aware_global_topk,0.1,12600,1945,718.0,1260,commodity_polling_1ms,0.5698412698412698,0.3691516709511568,stage_a_independent,in_distribution_test,T4,ok,0.5698412698412698,0.5698412698412698,0.3691516709511568,0.3691516709511568,0.486845920028149,1259,1,1
future_aware_global_topk,0.2,12600,1945,1094.0,2520,commodity_polling_1ms,0.43412698412698414,0.5624678663239074,stage_a_independent,in_distribution_test,T4,ok,0.43412698412698414,0.43412698412698414,0.5624678663239074,0.5624678663239074,0.14431140475020673,2519,1,1
future_aware_global_topk,0.5,12600,1945,1731.0,6300,commodity_polling_1ms,0.27476190476190476,0.889974293059126,stage_a_independent,in_distribution_test,T4,ok,0.27476190476190476,0.27476190476190476,0.889974293059126,0.889974293059126,-0.765445850642543,6290,11,10
future_aware_global_topk,1.0,12600,1945,1945.0,12600,commodity_polling_1ms,0.15436507936507937,1.0,stage_a_independent,in_distribution_test,T4,ok,0.15436507936507937,0.15436507936507937,1.0,1.0,-2.5786598767447124,12599,1,1
future_aware_global_topk,0.01,12600,1465,97.0,126,commodity_polling_1ms,0.7698412698412699,0.06621160409556313,stage_a_mixed_common_and_independent,in_distribution_test,T0,ok,0.7698412698412699,0.7698412698412699,0.06621160409556313,0.06621160409556313,2.2021079439004185,125,1,1
future_aware_global_topk,0.02,12600,1465,162.0,252,commodity_polling_1ms,0.6428571428571429,0.110580204778157,stage_a_mixed_common_and_independent,in_distribution_test,T0,ok,0.6428571428571429,0.6428571428571429,0.110580204778157,0.110580204778157,1.5996977078739696,251,1,1
future_aware_global_topk,0.05,12600,1465,296.0,630,commodity_polling_1ms,0.46984126984126984,0.20204778156996586,stage_a_mixed_common_and_independent,in_distribution_test,T0,ok,0.46984126984126984,0.46984126984126984,0.20204778156996586,0.20204778156996586,0.9192073752204146,629,1,1
future_aware_global_topk,0.1,12600,1465,429.0,1260,commodity_polling_1ms,0.3404761904761905,0.29283276450511947,stage_a_mixed_common_and_independent,in_distribution_test,T0,ok,0.3404761904761905,0.3404761904761905,0.29283276450511947,0.29283276450511947,0.6192756274621168,1259,1,1
future_aware_global_topk,0.2,12600,1465,654.0,2520,commodity_polling_1ms,0.25952380952380955,0.44641638225255975,stage_a_mixed_common_and_independent,in_distribution_test,T0,ok,0.25952380952380955,0.25952380952380955,0.44641638225255975,0.44641638225255975,0.2623686368395639,2519,1,1
future_aware_global_topk,0.5,12600,1465,1135.0,6300,commodity_polling_1ms,0.18015873015873016,0.7747440273037542,stage_a_mixed_common_and_independent,in_distribution_test,T0,ok,0.18015873015873016,0.18015873015873016,0.7747440273037542,0.7747440273037542,-0.5191944711601798,6299,1,1
future_aware_global_topk,1.0,12600,1465,1465.0,12600,commodity_polling_1ms,0.11626984126984127,1.0,stage_a_mixed_common_and_independent,in_distribution_test,T0,ok,0.11626984126984127,0.11626984126984127,1.0,1.0,-2.9377702843371454,12599,1,1
future_aware_global_topk,0.01,12600,1465,97.0,126,commodity_polling_1ms,0.7698412698412699,0.06621160409556313,stage_a_mixed_common_and_independent,in_distribution_test,T1,ok,0.7698412698412699,0.7698412698412699,0.06621160409556313,0.06621160409556313,2.282066468220653,125,1,1
future_aware_global_topk,0.02,12600,1465,166.0,252,commodity_polling_1ms,0.6587301587301587,0.11331058020477816,stage_a_mixed_common_and_independent,in_distribution_test,T1,ok,0.6587301587301587,0.6587301587301587,0.11331058020477816,0.11331058020477816,1.6335593884524475,251,1,1
future_aware_global_topk,0.05,12600,1465,288.0,630,commodity_polling_1ms,0.45714285714285713,0.19658703071672354,stage_a_mixed_common_and_independent,in_distribution_test,T1,ok,0.45714285714285713,0.45714285714285713,0.19658703071672354,0.19658703071672354,0.926826518579758,629,1,1
future_aware_global_topk,0.1,12600,1465,436.0,1260,commodity_polling_1ms,0.346031746031746,0.2976109215017065,stage_a_mixed_common_and_independent,in_distribution_test,T1,ok,0.346031746031746,0.346031746031746,0.2976109215017065,0.2976109215017065,0.6096766581172918,1259,1,1
future_aware_global_topk,0.2,12600,1465,665.0,2520,commodity_polling_1ms,0.2638888888888889,0.4539249146757679,stage_a_mixed_common_and_independent,in_distribution_test,T1,ok,0.2638888888888889,0.2638888888888889,0.4539249146757679,0.4539249146757679,0.25874052463232006,2519,1,1
future_aware_global_topk,0.5,12600,1465,1130.0,6300,commodity_polling_1ms,0.17936507936507937,0.7713310580204779,stage_a_mixed_common_and_independent,in_distribution_test,T1,ok,0.17936507936507937,0.17936507936507937,0.7713310580204779,0.7713310580204779,-0.5152290254671962,6299,1,1
future_aware_global_topk,1.0,12600,1465,1465.0,12600,commodity_polling_1ms,0.11626984126984127,1.0,stage_a_mixed_common_and_independent,in_distribution_test,T1,ok,0.11626984126984127,0.11626984126984127,1.0,1.0,-2.8895543979261413,12599,1,1
future_aware_global_topk,0.01,12600,1465,95.0,126,commodity_polling_1ms,0.753968253968254,0.06484641638225255,stage_a_mixed_common_and_independent,in_distribution_test,T2,ok,0.753968253968254,0.753968253968254,0.06484641638225255,0.06484641638225255,1.9005719866466924,125,1,1
future_aware_global_topk,0.02,12600,1465,166.0,252,commodity_polling_1ms,0.6587301587301587,0.11331058020477816,stage_a_mixed_common_and_independent,in_distribution_test,T2,ok,0.6587301587301587,0.6587301587301587,0.11331058020477816,0.11331058020477816,1.2609817367813045,251,1,1
future_aware_global_topk,0.05,12600,1465,291.0,630,commodity_polling_1ms,0.46190476190476193,0.19863481228668942,stage_a_mixed_common_and_independent,in_distribution_test,T2,ok,0.46190476190476193,0.46190476190476193,0.19863481228668942,0.19863481228668942,0.45838609586903184,629,1,1
future_aware_global_topk,0.1,12600,1465,426.0,1260,commodity_polling_1ms,0.3380952380952381,0.2907849829351536,stage_a_mixed_common_and_independent,in_distribution_test,T2,ok,0.3380952380952381,0.3380952380952381,0.2907849829351536,0.2907849829351536,0.16217818878590137,1259,1,1
future_aware_global_topk,0.2,12600,1465,646.0,2520,commodity_polling_1ms,0.2563492063492063,0.4409556313993174,stage_a_mixed_common_and_independent,in_distribution_test,T2,ok,0.2563492063492063,0.2563492063492063,0.4409556313993174,0.4409556313993174,-0.10921991473323081,2519,1,1
future_aware_global_topk,0.5,12600,1465,1137.0,6300,commodity_polling_1ms,0.18047619047619048,0.7761092150170649,stage_a_mixed_common_and_independent,in_distribution_test,T2,ok,0.18047619047619048,0.18047619047619048,0.7761092150170649,0.7761092150170649,-0.7850227602878641,6299,1,1
future_aware_global_topk,1.0,12600,1465,1465.0,12600,commodity_polling_1ms,0.11626984126984127,1.0,stage_a_mixed_common_and_independent,in_distribution_test,T2,ok,0.11626984126984127,0.11626984126984127,1.0,1.0,-2.856741066332446,12599,1,1
future_aware_global_topk,0.01,12600,1465,97.0,126,commodity_polling_1ms,0.7698412698412699,0.06621160409556313,stage_a_mixed_common_and_independent,in_distribution_test,T4,ok,0.7698412698412699,0.7698412698412699,0.06621160409556313,0.06621160409556313,1.893357723406793,125,1,1
future_aware_global_topk,0.02,12600,1465,169.0,252,commodity_polling_1ms,0.6706349206349206,0.11535836177474403,stage_a_mixed_common_and_independent,in_distribution_test,T4,ok,0.6706349206349206,0.6706349206349206,0.11535836177474403,0.11535836177474403,1.2417589069071966,251,1,1
future_aware_global_topk,0.05,12600,1465,290.0,630,commodity_polling_1ms,0.4603174603174603,0.19795221843003413,stage_a_mixed_common_and_independent,in_distribution_test,T4,ok,0.4603174603174603,0.4603174603174603,0.19795221843003413,0.19795221843003413,0.40748031482770297,629,1,1
future_aware_global_topk,0.1,12600,1465,431.0,1260,commodity_polling_1ms,0.34206349206349207,0.29419795221843004,stage_a_mixed_common_and_independent,in_distribution_test,T4,ok,0.34206349206349207,0.34206349206349207,0.29419795221843004,0.29419795221843004,0.11887656125086841,1259,1,1
future_aware_global_topk,0.2,12600,1465,660.0,2520,commodity_polling_1ms,0.2619047619047619,0.45051194539249145,stage_a_mixed_common_and_independent,in_distribution_test,T4,ok,0.2619047619047619,0.2619047619047619,0.45051194539249145,0.45051194539249145,-0.1553411712034084,2519,1,1
future_aware_global_topk,0.5,12600,1465,1132.0,6300,commodity_polling_1ms,0.1796825396825397,0.7726962457337884,stage_a_mixed_common_and_independent,in_distribution_test,T4,ok,0.1796825396825397,0.1796825396825397,0.7726962457337884,0.7726962457337884,-0.7875005651651998,6299,1,1
future_aware_global_topk,1.0,12600,1465,1465.0,12600,commodity_polling_1ms,0.11626984126984127,1.0,stage_a_mixed_common_and_independent,in_distribution_test,T4,ok,0.11626984126984127,0.11626984126984127,1.0,1.0,-2.641700273607257,12599,1,1
future_aware_global_topk,0.01,3600,0,0.0,36,commodity_polling_1ms,0.0,,stage_a_none,in_distribution_test,T0,ok,0.0,0.0,,,-2.235535183374874,35,18,1
future_aware_global_topk,0.02,3600,0,0.0,72,commodity_polling_1ms,0.0,,stage_a_none,in_distribution_test,T0,ok,0.0,0.0,,,-2.9769565209498685,68,4,4
future_aware_global_topk,0.05,3600,0,0.0,180,commodity_polling_1ms,0.0,,stage_a_none,in_distribution_test,T0,ok,0.0,0.0,,,-3.883939002855787,156,24,24
future_aware_global_topk,0.1,3600,0,0.0,360,commodity_polling_1ms,0.0,,stage_a_none,in_distribution_test,T0,ok,0.0,0.0,,,-4.018079864700359,335,67,25
future_aware_global_topk,0.2,3600,0,0.0,720,commodity_polling_1ms,0.0,,stage_a_none,in_distribution_test,T0,ok,0.0,0.0,,,-4.202100070847985,700,66,20
future_aware_global_topk,0.5,3600,0,0.0,1800,commodity_polling_1ms,0.0,,stage_a_none,in_distribution_test,T0,ok,0.0,0.0,,,-4.746507125829024,1798,3,2
future_aware_global_topk,1.0,3600,0,0.0,3600,commodity_polling_1ms,0.0,,stage_a_none,in_distribution_test,T0,ok,0.0,0.0,,,-6.1393624013593175,3596,4,4
future_aware_global_topk,0.01,3600,0,0.0,36,commodity_polling_1ms,0.0,,stage_a_none,in_distribution_test,T1,ok,0.0,0.0,,,-2.4751876294648905,34,19,2
future_aware_global_topk,0.02,3600,0,0.0,72,commodity_polling_1ms,0.0,,stage_a_none,in_distribution_test,T1,ok,0.0,0.0,,,-2.823344705463497,70,2,2
future_aware_global_topk,0.05,3600,0,0.0,180,commodity_polling_1ms,0.0,,stage_a_none,in_distribution_test,T1,ok,0.0,0.0,,,-3.5726782645184114,177,6,3
future_aware_global_topk,0.1,3600,0,0.0,360,commodity_polling_1ms,0.0,,stage_a_none,in_distribution_test,T1,ok,0.0,0.0,,,-3.780691083223704,340,38,20
future_aware_global_topk,0.2,3600,0,0.0,720,commodity_polling_1ms,0.0,,stage_a_none,in_distribution_test,T1,ok,0.0,0.0,,,-4.044033996993214,698,22,22
future_aware_global_topk,0.5,3600,0,0.0,1800,commodity_polling_1ms,0.0,,stage_a_none,in_distribution_test,T1,ok,0.0,0.0,,,-4.63167588681457,1793,28,7
future_aware_global_topk,1.0,3600,0,0.0,3600,commodity_polling_1ms,0.0,,stage_a_none,in_distribution_test,T1,ok,0.0,0.0,,,-6.050983670270025,3596,4,4
future_aware_global_topk,0.01,3600,0,0.0,36,commodity_polling_1ms,0.0,,stage_a_none,in_distribution_test,T2,ok,0.0,0.0,,,-1.0142613902296622,30,89,6
future_aware_global_topk,0.02,3600,0,0.0,72,commodity_polling_1ms,0.0,,stage_a_none,in_distribution_test,T2,ok,0.0,0.0,,,-1.0142613902296622,30,89,42
future_aware_global_topk,0.05,3600,0,0.0,180,commodity_polling_1ms,0.0,,stage_a_none,in_distribution_test,T2,ok,0.0,0.0,,,-1.1331524180820518,138,62,42
future_aware_global_topk,0.1,3600,0,0.0,360,commodity_polling_1ms,0.0,,stage_a_none,in_distribution_test,T2,ok,0.0,0.0,,,-1.1662288344167477,235,150,125
future_aware_global_topk,0.2,3600,0,0.0,720,commodity_polling_1ms,0.0,,stage_a_none,in_distribution_test,T2,ok,0.0,0.0,,,-1.2691639877646297,709,126,11
future_aware_global_topk,0.5,3600,0,0.0,1800,commodity_polling_1ms,0.0,,stage_a_none,in_distribution_test,T2,ok,0.0,0.0,,,-1.9884704301730445,1797,3,3
future_aware_global_topk,1.0,3600,0,0.0,3600,commodity_polling_1ms,0.0,,stage_a_none,in_distribution_test,T2,ok,0.0,0.0,,,-3.1763353326648307,3599,1,1
future_aware_global_topk,0.01,3600,0,0.0,36,commodity_polling_1ms,0.0,,stage_a_none,in_distribution_test,T4,ok,0.0,0.0,,,-0.9331334227106358,22,23,14
future_aware_global_topk,0.02,3600,0,0.0,72,commodity_polling_1ms,0.0,,stage_a_none,in_distribution_test,T4,ok,0.0,0.0,,,-0.9646603555254757,46,32,26
future_aware_global_topk,0.05,3600,0,0.0,180,commodity_polling_1ms,0.0,,stage_a_none,in_distribution_test,T4,ok,0.0,0.0,,,-1.014320449684396,80,233,100
future_aware_global_topk,0.1,3600,0,0.0,360,commodity_polling_1ms,0.0,,stage_a_none,in_distribution_test,T4,ok,0.0,0.0,,,-1.0435317941866558,314,61,46
future_aware_global_topk,0.2,3600,0,0.0,720,commodity_polling_1ms,0.0,,stage_a_none,in_distribution_test,T4,ok,0.0,0.0,,,-1.045847382499236,375,444,345
future_aware_global_topk,0.5,3600,0,0.0,1800,commodity_polling_1ms,0.0,,stage_a_none,in_distribution_test,T4,ok,0.0,0.0,,,-1.3954172025063922,1767,106,33
future_aware_global_topk,1.0,3600,0,0.0,3600,commodity_polling_1ms,0.0,,stage_a_none,in_distribution_test,T4,ok,0.0,0.0,,,-2.5968524862095053,3599,1,1
future_aware_global_topk,0.01,36000,4526,304.0,360,commodity_polling_1ms,0.8444444444444444,0.06716747680070703,__all_selected__,in_distribution_test,T0,ok,0.8444444444444444,0.8444444444444444,0.06716747680070703,0.06716747680070703,2.858230606294148,359,1,1
future_aware_global_topk,0.02,36000,4526,565.0,720,commodity_polling_1ms,0.7847222222222222,0.12483429076447194,__all_selected__,in_distribution_test,T0,ok,0.7847222222222222,0.7847222222222222,0.12483429076447194,0.12483429076447194,2.278331427144184,719,1,1
future_aware_global_topk,0.05,36000,4526,1162.0,1800,commodity_polling_1ms,0.6455555555555555,0.25673884224480775,__all_selected__,in_distribution_test,T0,ok,0.6455555555555555,0.6455555555555555,0.25673884224480775,0.25673884224480775,1.3100358972268829,1799,1,1
future_aware_global_topk,0.1,36000,4526,1793.0,3600,commodity_polling_1ms,0.49805555555555553,0.396155545735749,__all_selected__,in_distribution_test,T0,ok,0.49805555555555553,0.49805555555555553,0.396155545735749,0.396155545735749,0.8616105343472644,3599,1,1
future_aware_global_topk,0.2,36000,4526,2672.0,7200,commodity_polling_1ms,0.3711111111111111,0.5903667697746354,__all_selected__,in_distribution_test,T0,ok,0.3711111111111111,0.3711111111111111,0.5903667697746354,0.5903667697746354,0.41377007656881565,7199,1,1
future_aware_global_topk,0.5,36000,4526,4097.0,18000,commodity_polling_1ms,0.2276111111111111,0.9052143172779497,__all_selected__,in_distribution_test,T0,ok,0.2276111111111111,0.2276111111111111,0.9052143172779497,0.9052143172779497,-0.8999571658149662,17999,1,1
future_aware_global_topk,1.0,36000,4526,4526.0,36000,commodity_polling_1ms,0.12572222222222224,1.0,__all_selected__,in_distribution_test,T0,ok,0.12572222222222224,0.12572222222222224,1.0,1.0,-6.1393624013593175,35996,4,4
future_aware_global_topk,0.01,36000,4526,304.0,360,commodity_polling_1ms,0.8444444444444444,0.06716747680070703,__all_selected__,in_distribution_test,T1,ok,0.8444444444444444,0.8444444444444444,0.06716747680070703,0.06716747680070703,2.860699726806209,359,1,1
future_aware_global_topk,0.02,36000,4526,565.0,720,commodity_polling_1ms,0.7847222222222222,0.12483429076447194,__all_selected__,in_distribution_test,T1,ok,0.7847222222222222,0.7847222222222222,0.12483429076447194,0.12483429076447194,2.3283357563988027,719,1,1
future_aware_global_topk,0.05,36000,4526,1169.0,1800,commodity_polling_1ms,0.6494444444444445,0.258285461776403,__all_selected__,in_distribution_test,T1,ok,0.6494444444444445,0.6494444444444445,0.258285461776403,0.258285461776403,1.3106546955016918,1799,1,1
future_aware_global_topk,0.1,36000,4526,1788.0,3600,commodity_polling_1ms,0.49666666666666665,0.39505081749889526,__all_selected__,in_distribution_test,T1,ok,0.49666666666666665,0.49666666666666665,0.39505081749889526,0.39505081749889526,0.859832344732966,3599,1,1
future_aware_global_topk,0.2,36000,4526,2682.0,7200,commodity_polling_1ms,0.3725,0.5925762262483429,__all_selected__,in_distribution_test,T1,ok,0.3725,0.3725,0.5925762262483429,0.5925762262483429,0.4175738753795946,7199,1,1
future_aware_global_topk,0.5,36000,4526,4102.0,18000,commodity_polling_1ms,0.2278888888888889,0.9063190455148034,__all_selected__,in_distribution_test,T1,ok,0.2278888888888889,0.2278888888888889,0.9063190455148034,0.9063190455148034,-0.9034708485363596,17999,1,1
future_aware_global_topk,1.0,36000,4526,4526.0,36000,commodity_polling_1ms,0.12572222222222224,1.0,__all_selected__,in_distribution_test,T1,ok,0.12572222222222224,0.12572222222222224,1.0,1.0,-6.050983670270025,35996,4,4
future_aware_global_topk,0.01,36000,4526,304.0,360,commodity_polling_1ms,0.8444444444444444,0.06716747680070703,__all_selected__,in_distribution_test,T2,ok,0.8444444444444444,0.8444444444444444,0.06716747680070703,0.06716747680070703,2.43283106682966,359,1,1
future_aware_global_topk,0.02,36000,4526,565.0,720,commodity_polling_1ms,0.7847222222222222,0.12483429076447194,__all_selected__,in_distribution_test,T2,ok,0.7847222222222222,0.7847222222222222,0.12483429076447194,0.12483429076447194,1.8986562703711773,719,1,1
future_aware_global_topk,0.05,36000,4526,1177.0,1800,commodity_polling_1ms,0.6538888888888889,0.26005302695536897,__all_selected__,in_distribution_test,T2,ok,0.6538888888888889,0.6538888888888889,0.26005302695536897,0.26005302695536897,0.9027236091781518,1799,1,1
future_aware_global_topk,0.1,36000,4526,1776.0,3600,commodity_polling_1ms,0.49333333333333335,0.3923994697304463,__all_selected__,in_distribution_test,T2,ok,0.49333333333333335,0.49333333333333335,0.3923994697304463,0.3923994697304463,0.44131740884561976,3599,1,1
future_aware_global_topk,0.2,36000,4526,2616.0,7200,commodity_polling_1ms,0.36333333333333334,0.5779938135218736,__all_selected__,in_distribution_test,T2,ok,0.36333333333333334,0.36333333333333334,0.5779938135218736,0.5779938135218736,0.07432884312991181,7199,1,1
future_aware_global_topk,0.5,36000,4526,4069.0,18000,commodity_polling_1ms,0.22605555555555557,0.8990278391515687,__all_selected__,in_distribution_test,T2,ok,0.22605555555555557,0.22605555555555557,0.8990278391515687,0.8990278391515687,-0.9665982505686943,17998,2,2
future_aware_global_topk,1.0,36000,4526,4526.0,36000,commodity_polling_1ms,0.12572222222222224,1.0,__all_selected__,in_distribution_test,T2,ok,0.12572222222222224,0.12572222222222224,1.0,1.0,-3.1763353326648307,35999,1,1
future_aware_global_topk,0.01,36000,4526,305.0,360,commodity_polling_1ms,0.8472222222222222,0.06738842244807777,__all_selected__,in_distribution_test,T4,ok,0.8472222222222222,0.8472222222222222,0.06738842244807777,0.06738842244807777,2.4212096885903973,359,1,1
future_aware_global_topk,0.02,36000,4526,579.0,720,commodity_polling_1ms,0.8041666666666667,0.1279275298276624,__all_selected__,in_distribution_test,T4,ok,0.8041666666666667,0.8041666666666667,0.1279275298276624,0.1279275298276624,1.8634060394084826,719,1,1
future_aware_global_topk,0.05,36000,4526,1191.0,1800,commodity_polling_1ms,0.6616666666666666,0.26314626601855945,__all_selected__,in_distribution_test,T4,ok,0.6616666666666666,0.6616666666666666,0.26314626601855945,0.26314626601855945,0.8008147446500985,1799,1,1
future_aware_global_topk,0.1,36000,4526,1806.0,3600,commodity_polling_1ms,0.5016666666666667,0.3990278391515687,__all_selected__,in_distribution_test,T4,ok,0.5016666666666667,0.5016666666666667,0.3990278391515687,0.3990278391515687,0.3764697015921226,3599,1,1
future_aware_global_topk,0.2,36000,4526,2648.0,7200,commodity_polling_1ms,0.36777777777777776,0.5850640742377375,__all_selected__,in_distribution_test,T4,ok,0.36777777777777776,0.36777777777777776,0.5850640742377375,0.5850640742377375,0.009276774036720151,7199,1,1
future_aware_global_topk,0.5,36000,4526,4067.0,18000,commodity_polling_1ms,0.22594444444444445,0.8985859478568272,__all_selected__,in_distribution_test,T4,ok,0.22594444444444445,0.22594444444444445,0.8985859478568272,0.8985859478568272,-0.9488050105637664,17999,1,1
future_aware_global_topk,1.0,36000,4526,4526.0,36000,commodity_polling_1ms,0.12572222222222224,1.0,__all_selected__,in_distribution_test,T4,ok,0.12572222222222224,0.12572222222222224,1.0,1.0,-2.641700273607257,35999,1,1
future_aware_global_topk,0.01,43200,637,76.0,432,commodity_polling_1ms,0.17592592592592593,0.11930926216640503,obss_only,out_of_distribution_test,T0,ok,0.17592592592592593,0.17592592592592593,0.11930926216640503,0.11930926216640503,-0.24816204428547414,431,1,1
future_aware_global_topk,0.02,43200,637,125.0,864,commodity_polling_1ms,0.14467592592592593,0.19623233908948196,obss_only,out_of_distribution_test,T0,ok,0.14467592592592593,0.14467592592592593,0.19623233908948196,0.19623233908948196,-0.6266388752046171,863,1,1
future_aware_global_topk,0.05,43200,637,182.0,2160,commodity_polling_1ms,0.08425925925925926,0.2857142857142857,obss_only,out_of_distribution_test,T0,ok,0.08425925925925926,0.08425925925925926,0.2857142857142857,0.2857142857142857,-1.085613347009549,2159,8,1
future_aware_global_topk,0.1,43200,637,219.0,4320,commodity_polling_1ms,0.050694444444444445,0.34379905808477235,obss_only,out_of_distribution_test,T0,ok,0.050694444444444445,0.050694444444444445,0.34379905808477235,0.34379905808477235,-1.2899213846581974,4315,9,5
future_aware_global_topk,0.2,43200,637,305.0,8640,commodity_polling_1ms,0.03530092592592592,0.478806907378336,obss_only,out_of_distribution_test,T0,ok,0.03530092592592592,0.03530092592592592,0.478806907378336,0.478806907378336,-1.554482380711647,8633,15,7
future_aware_global_topk,0.5,43200,637,459.0,21600,commodity_polling_1ms,0.02125,0.7205651491365777,obss_only,out_of_distribution_test,T0,ok,0.02125,0.02125,0.7205651491365777,0.7205651491365777,-2.0556614344699664,21597,5,3
future_aware_global_topk,1.0,43200,637,637.0,43200,commodity_polling_1ms,0.01474537037037037,1.0,obss_only,out_of_distribution_test,T0,ok,0.01474537037037037,0.01474537037037037,1.0,1.0,-4.338696155997936,43199,1,1
future_aware_global_topk,0.01,43200,637,77.0,432,commodity_polling_1ms,0.17824074074074073,0.12087912087912088,obss_only,out_of_distribution_test,T1,ok,0.17824074074074073,0.17824074074074073,0.12087912087912088,0.12087912087912088,-0.29222762252648027,431,1,1
future_aware_global_topk,0.02,43200,637,114.0,864,commodity_polling_1ms,0.13194444444444445,0.17896389324960754,obss_only,out_of_distribution_test,T1,ok,0.13194444444444445,0.13194444444444445,0.17896389324960754,0.17896389324960754,-0.7091625395654402,863,1,1
future_aware_global_topk,0.05,43200,637,175.0,2160,commodity_polling_1ms,0.08101851851851852,0.27472527472527475,obss_only,out_of_distribution_test,T1,ok,0.08101851851851852,0.08101851851851852,0.27472527472527475,0.27472527472527475,-1.1804680861016963,2159,3,1
future_aware_global_topk,0.1,43200,637,228.0,4320,commodity_polling_1ms,0.05277777777777778,0.3579277864992151,obss_only,out_of_distribution_test,T1,ok,0.05277777777777778,0.05277777777777778,0.3579277864992151,0.3579277864992151,-1.3479427899583507,4319,1,1
future_aware_global_topk,0.2,43200,637,295.0,8640,commodity_polling_1ms,0.03414351851851852,0.4631083202511774,obss_only,out_of_distribution_test,T1,ok,0.03414351851851852,0.03414351851851852,0.4631083202511774,0.4631083202511774,-1.5580193801368898,8636,4,4
future_aware_global_topk,0.5,43200,637,446.0,21600,commodity_polling_1ms,0.020648148148148148,0.7001569858712716,obss_only,out_of_distribution_test,T1,ok,0.020648148148148148,0.020648148148148148,0.7001569858712716,0.7001569858712716,-2.0357944865810005,21596,4,4
future_aware_global_topk,1.0,43200,637,637.0,43200,commodity_polling_1ms,0.01474537037037037,1.0,obss_only,out_of_distribution_test,T1,ok,0.01474537037037037,0.01474537037037037,1.0,1.0,-4.338262898286919,43199,1,1
future_aware_global_topk,0.01,43200,637,86.0,432,commodity_polling_1ms,0.19907407407407407,0.13500784929356358,obss_only,out_of_distribution_test,T2,ok,0.19907407407407407,0.19907407407407407,0.13500784929356358,0.13500784929356358,-0.805575492439918,431,1,1
future_aware_global_topk,0.02,43200,637,107.23529411764706,864,commodity_polling_1ms,0.12411492374727669,0.16834426078123557,obss_only,out_of_distribution_test,T2,ok,0.12384259259259259,0.125,0.16797488226059654,0.1695447409733124,-0.9653511707801773,860,17,4
future_aware_global_topk,0.05,43200,637,126.0,2160,commodity_polling_1ms,0.058333333333333334,0.1978021978021978,obss_only,out_of_distribution_test,T2,ok,0.058333333333333334,0.058333333333333334,0.1978021978021978,0.1978021978021978,-1.038721187745672,2156,39,4
future_aware_global_topk,0.1,43200,637,147.0,4320,commodity_polling_1ms,0.034027777777777775,0.23076923076923078,obss_only,out_of_distribution_test,T2,ok,0.034027777777777775,0.034027777777777775,0.23076923076923078,0.23076923076923078,-1.1110646968236346,4308,34,12
future_aware_global_topk,0.2,43200,637,225.0,8640,commodity_polling_1ms,0.026041666666666668,0.3532182103610675,obss_only,out_of_distribution_test,T2,ok,0.026041666666666668,0.026041666666666668,0.3532182103610675,0.3532182103610675,-1.3740333868644248,8638,5,2
future_aware_global_topk,0.5,43200,637,362.0,21600,commodity_polling_1ms,0.01675925925925926,0.5682888540031397,obss_only,out_of_distribution_test,T2,ok,0.01675925925925926,0.01675925925925926,0.5682888540031397,0.5682888540031397,-1.7332700928810867,21599,17,1
future_aware_global_topk,1.0,43200,637,637.0,43200,commodity_polling_1ms,0.01474537037037037,1.0,obss_only,out_of_distribution_test,T2,ok,0.01474537037037037,0.01474537037037037,1.0,1.0,-3.1246673091359463,43199,1,1
future_aware_global_topk,0.01,43200,637,84.0,432,commodity_polling_1ms,0.19444444444444445,0.13186813186813187,obss_only,out_of_distribution_test,T4,ok,0.19444444444444445,0.19444444444444445,0.13186813186813187,0.13186813186813187,-0.6341020261480765,431,1,1
future_aware_global_topk,0.02,43200,637,107.8,864,commodity_polling_1ms,0.12476851851851851,0.16923076923076924,obss_only,out_of_distribution_test,T4,ok,0.12384259259259259,0.1261574074074074,0.16797488226059654,0.17111459968602827,-0.8008069503192492,850,35,14
future_aware_global_topk,0.05,43200,637,150.0,2160,commodity_polling_1ms,0.06944444444444445,0.23547880690737832,obss_only,out_of_distribution_test,T4,ok,0.06944444444444445,0.06944444444444445,0.23547880690737832,0.23547880690737832,-0.9655668164617682,2159,1,1
future_aware_global_topk,0.1,43200,637,176.8776371308017,4320,commodity_polling_1ms,0.040943897483981875,0.2776728997343826,obss_only,out_of_distribution_test,T4,ok,0.040740740740740744,0.041435185185185186,0.27629513343799056,0.28100470957613816,-1.045847382499236,4112,948,208
future_aware_global_topk,0.2,43200,637,242.0,8640,commodity_polling_1ms,0.028009259259259258,0.37990580847723704,obss_only,out_of_distribution_test,T4,ok,0.028009259259259258,0.028009259259259258,0.37990580847723704,0.37990580847723704,-1.201151749991353,8638,4,2
future_aware_global_topk,0.5,43200,637,360.0,21600,commodity_polling_1ms,0.016666666666666666,0.565149136577708,obss_only,out_of_distribution_test,T4,ok,0.016666666666666666,0.016666666666666666,0.565149136577708,0.565149136577708,-1.5851924084248263,21598,3,2
future_aware_global_topk,1.0,43200,637,637.0,43200,commodity_polling_1ms,0.01474537037037037,1.0,obss_only,out_of_distribution_test,T4,ok,0.01474537037037037,0.01474537037037037,1.0,1.0,-3.1470543173223913,43199,1,1
future_aware_global_topk,0.01,18000,4477,165.0,180,commodity_polling_1ms,0.9166666666666666,0.036855036855036855,obss_plus_legacy_mixed8,out_of_distribution_test,T0,ok,0.9166666666666666,0.9166666666666666,0.036855036855036855,0.036855036855036855,2.674661534178673,179,1,1
future_aware_global_topk,0.02,18000,4477,317.0,360,commodity_polling_1ms,0.8805555555555555,0.07080634353361626,obss_plus_legacy_mixed8,out_of_distribution_test,T0,ok,0.8805555555555555,0.8805555555555555,0.07080634353361626,0.07080634353361626,2.2378688638531314,359,1,1
future_aware_global_topk,0.05,18000,4477,741.0,900,commodity_polling_1ms,0.8233333333333334,0.1655126200580746,obss_plus_legacy_mixed8,out_of_distribution_test,T0,ok,0.8233333333333334,0.8233333333333334,0.1655126200580746,0.1655126200580746,1.5832662437244156,899,1,1
future_aware_global_topk,0.1,18000,4477,1352.0,1800,commodity_polling_1ms,0.7511111111111111,0.3019879383515747,obss_plus_legacy_mixed8,out_of_distribution_test,T0,ok,0.7511111111111111,0.7511111111111111,0.3019879383515747,0.3019879383515747,1.0739757927936564,1799,1,1
future_aware_global_topk,0.2,18000,4477,2323.0,3600,commodity_polling_1ms,0.6452777777777777,0.5188742461469734,obss_plus_legacy_mixed8,out_of_distribution_test,T0,ok,0.6452777777777777,0.6452777777777777,0.5188742461469734,0.5188742461469734,0.4955687462600026,3599,1,1
future_aware_global_topk,0.5,18000,4477,3743.0,9000,commodity_polling_1ms,0.41588888888888886,0.8360509269600178,obss_plus_legacy_mixed8,out_of_distribution_test,T0,ok,0.41588888888888886,0.41588888888888886,0.8360509269600178,0.8360509269600178,-0.4785079560253207,8999,1,1
future_aware_global_topk,1.0,18000,4477,4477.0,18000,commodity_polling_1ms,0.24872222222222223,1.0,obss_plus_legacy_mixed8,out_of_distribution_test,T0,ok,0.24872222222222223,0.24872222222222223,1.0,1.0,-2.469391435751875,17999,1,1
future_aware_global_topk,0.01,18000,4477,160.0,180,commodity_polling_1ms,0.8888888888888888,0.035738217556399374,obss_plus_legacy_mixed8,out_of_distribution_test,T1,ok,0.8888888888888888,0.8888888888888888,0.035738217556399374,0.035738217556399374,2.6290430355611285,179,1,1
future_aware_global_topk,0.02,18000,4477,312.0,360,commodity_polling_1ms,0.8666666666666667,0.06968952423497878,obss_plus_legacy_mixed8,out_of_distribution_test,T1,ok,0.8666666666666667,0.8666666666666667,0.06968952423497878,0.06968952423497878,2.2466417822748412,359,1,1
future_aware_global_topk,0.05,18000,4477,744.0,900,commodity_polling_1ms,0.8266666666666667,0.1661827116372571,obss_plus_legacy_mixed8,out_of_distribution_test,T1,ok,0.8266666666666667,0.8266666666666667,0.1661827116372571,0.1661827116372571,1.5482477902436158,899,1,1
future_aware_global_topk,0.1,18000,4477,1347.0,1800,commodity_polling_1ms,0.7483333333333333,0.30087111905293723,obss_plus_legacy_mixed8,out_of_distribution_test,T1,ok,0.7483333333333333,0.7483333333333333,0.30087111905293723,0.30087111905293723,0.9983326723012783,1799,1,1
future_aware_global_topk,0.2,18000,4477,2305.0,3600,commodity_polling_1ms,0.6402777777777777,0.5148536966718785,obss_plus_legacy_mixed8,out_of_distribution_test,T1,ok,0.6402777777777777,0.6402777777777777,0.5148536966718785,0.5148536966718785,0.4351212532221405,3599,1,1
future_aware_global_topk,0.5,18000,4477,3779.0,9000,commodity_polling_1ms,0.41988888888888887,0.8440920259102077,obss_plus_legacy_mixed8,out_of_distribution_test,T1,ok,0.41988888888888887,0.41988888888888887,0.8440920259102077,0.8440920259102077,-0.48422992255968234,8999,1,1
future_aware_global_topk,1.0,18000,4477,4477.0,18000,commodity_polling_1ms,0.24872222222222223,1.0,obss_plus_legacy_mixed8,out_of_distribution_test,T1,ok,0.24872222222222223,0.24872222222222223,1.0,1.0,-2.3651810193609766,17999,1,1
future_aware_global_topk,0.01,18000,4477,155.0,180,commodity_polling_1ms,0.8611111111111112,0.03462139825776189,obss_plus_legacy_mixed8,out_of_distribution_test,T2,ok,0.8611111111111112,0.8611111111111112,0.03462139825776189,0.03462139825776189,2.2843448914841846,179,1,1
future_aware_global_topk,0.02,18000,4477,307.0,360,commodity_polling_1ms,0.8527777777777777,0.0685727049363413,obss_plus_legacy_mixed8,out_of_distribution_test,T2,ok,0.8527777777777777,0.8527777777777777,0.0685727049363413,0.0685727049363413,1.910510829455085,359,1,1
future_aware_global_topk,0.05,18000,4477,728.0,900,commodity_polling_1ms,0.8088888888888889,0.16260888988161715,obss_plus_legacy_mixed8,out_of_distribution_test,T2,ok,0.8088888888888889,0.8088888888888889,0.16260888988161715,0.16260888988161715,1.204246083962149,899,1,1
future_aware_global_topk,0.1,18000,4477,1339.0,1800,commodity_polling_1ms,0.7438888888888889,0.29908420817511727,obss_plus_legacy_mixed8,out_of_distribution_test,T2,ok,0.7438888888888889,0.7438888888888889,0.29908420817511727,0.29908420817511727,0.5454010174828728,1799,1,1
future_aware_global_topk,0.2,18000,4477,2245.0,3600,commodity_polling_1ms,0.6236111111111111,0.5014518650882287,obss_plus_legacy_mixed8,out_of_distribution_test,T2,ok,0.6236111111111111,0.6236111111111111,0.5014518650882287,0.5014518650882287,0.004958947238111432,3599,1,1
future_aware_global_topk,0.5,18000,4477,3699.0,9000,commodity_polling_1ms,0.411,0.826222917132008,obss_plus_legacy_mixed8,out_of_distribution_test,T2,ok,0.411,0.411,0.826222917132008,0.826222917132008,-0.7250248709340136,8999,3,1
future_aware_global_topk,1.0,18000,4477,4477.0,18000,commodity_polling_1ms,0.24872222222222223,1.0,obss_plus_legacy_mixed8,out_of_distribution_test,T2,ok,0.24872222222222223,0.24872222222222223,1.0,1.0,-2.4754551225326975,17999,1,1
future_aware_global_topk,0.01,18000,4477,158.0,180,commodity_polling_1ms,0.8777777777777778,0.035291489836944384,obss_plus_legacy_mixed8,out_of_distribution_test,T4,ok,0.8777777777777778,0.8777777777777778,0.035291489836944384,0.035291489836944384,2.2340035509559284,179,1,1
future_aware_global_topk,0.02,18000,4477,316.0,360,commodity_polling_1ms,0.8777777777777778,0.07058297967388877,obss_plus_legacy_mixed8,out_of_distribution_test,T4,ok,0.8777777777777778,0.8777777777777778,0.07058297967388877,0.07058297967388877,1.8532357558027004,359,1,1
future_aware_global_topk,0.05,18000,4477,743.0,900,commodity_polling_1ms,0.8255555555555556,0.1659593477775296,obss_plus_legacy_mixed8,out_of_distribution_test,T4,ok,0.8255555555555556,0.8255555555555556,0.1659593477775296,0.1659593477775296,1.118619572180837,899,1,1
future_aware_global_topk,0.1,18000,4477,1348.0,1800,commodity_polling_1ms,0.7488888888888889,0.3010944829126647,obss_plus_legacy_mixed8,out_of_distribution_test,T4,ok,0.7488888888888889,0.7488888888888889,0.3010944829126647,0.3010944829126647,0.5410807571191176,1799,1,1
future_aware_global_topk,0.2,18000,4477,2312.0,3600,commodity_polling_1ms,0.6422222222222222,0.516417243689971,obss_plus_legacy_mixed8,out_of_distribution_test,T4,ok,0.6422222222222222,0.6422222222222222,0.516417243689971,0.516417243689971,0.07362546587168041,3599,1,1
future_aware_global_topk,0.5,18000,4477,3692.0,9000,commodity_polling_1ms,0.4102222222222222,0.8246593701139155,obss_plus_legacy_mixed8,out_of_distribution_test,T4,ok,0.4102222222222222,0.4102222222222222,0.8246593701139155,0.8246593701139155,-0.6818798094590803,8999,1,1
future_aware_global_topk,1.0,18000,4477,4477.0,18000,commodity_polling_1ms,0.24872222222222223,1.0,obss_plus_legacy_mixed8,out_of_distribution_test,T4,ok,0.24872222222222223,0.24872222222222223,1.0,1.0,-2.3111318674450465,17999,1,1
future_aware_global_topk,0.01,61200,5114,526.0,612,commodity_polling_1ms,0.8594771241830066,0.10285490809542433,__all_selected__,out_of_distribution_test,T0,ok,0.8594771241830066,0.8594771241830066,0.10285490809542433,0.10285490809542433,1.8673806975684797,611,1,1
future_aware_global_topk,0.02,61200,5114,968.0,1224,commodity_polling_1ms,0.7908496732026143,0.1892843175596402,__all_selected__,out_of_distribution_test,T0,ok,0.7908496732026143,0.7908496732026143,0.1892843175596402,0.1892843175596402,1.3832497142706177,1223,1,1
future_aware_global_topk,0.05,61200,5114,2040.0,3060,commodity_polling_1ms,0.6666666666666666,0.3989049667579194,__all_selected__,out_of_distribution_test,T0,ok,0.6666666666666666,0.6666666666666666,0.3989049667579194,0.3989049667579194,0.66645554895676,3059,1,1
future_aware_global_topk,0.1,61200,5114,3179.0,6120,commodity_polling_1ms,0.5194444444444445,0.6216269065310911,__all_selected__,out_of_distribution_test,T0,ok,0.5194444444444445,0.5194444444444445,0.6216269065310911,0.6216269065310911,0.01780447104328602,6119,1,1
future_aware_global_topk,0.2,61200,5114,4180.0,12240,commodity_polling_1ms,0.3415032679738562,0.8173640985529917,__all_selected__,out_of_distribution_test,T0,ok,0.3415032679738562,0.3415032679738562,0.8173640985529917,0.8173640985529917,-0.8500937057454354,12239,1,1
future_aware_global_topk,0.5,61200,5114,4832.0,30600,commodity_polling_1ms,0.15790849673202614,0.9448572545952287,__all_selected__,out_of_distribution_test,T0,ok,0.15790849673202614,0.15790849673202614,0.9448572545952287,0.9448572545952287,-1.7580281959878885,30595,7,5
future_aware_global_topk,1.0,61200,5114,5114.0,61200,commodity_polling_1ms,0.08356209150326797,1.0,__all_selected__,out_of_distribution_test,T0,ok,0.08356209150326797,0.08356209150326797,1.0,1.0,-4.338696155997936,61199,1,1
future_aware_global_topk,0.01,61200,5114,516.0,612,commodity_polling_1ms,0.8431372549019608,0.10089949159170904,__all_selected__,out_of_distribution_test,T1,ok,0.8431372549019608,0.8431372549019608,0.10089949159170904,0.10089949159170904,1.8463992584299365,611,1,1
future_aware_global_topk,0.02,61200,5114,958.0,1224,commodity_polling_1ms,0.7826797385620915,0.18732890105592492,__all_selected__,out_of_distribution_test,T1,ok,0.7826797385620915,0.7826797385620915,0.18732890105592492,0.18732890105592492,1.3094592700636933,1223,1,1
future_aware_global_topk,0.05,61200,5114,2010.0,3060,commodity_polling_1ms,0.6568627450980392,0.3930387172467736,__all_selected__,out_of_distribution_test,T1,ok,0.6568627450980392,0.6568627450980392,0.3930387172467736,0.3930387172467736,0.5937764216325724,3059,1,1
future_aware_global_topk,0.1,61200,5114,3118.0,6120,commodity_polling_1ms,0.5094771241830065,0.6096988658584278,__all_selected__,out_of_distribution_test,T1,ok,0.5094771241830065,0.5094771241830065,0.6096988658584278,0.6096988658584278,-0.006492682954574401,6119,1,1
future_aware_global_topk,0.2,61200,5114,4186.0,12240,commodity_polling_1ms,0.3419934640522876,0.818537348455221,__all_selected__,out_of_distribution_test,T1,ok,0.3419934640522876,0.3419934640522876,0.818537348455221,0.818537348455221,-0.8703548925735727,12239,1,1
future_aware_global_topk,0.5,61200,5114,4825.0,30600,commodity_polling_1ms,0.1576797385620915,0.9434884630426281,__all_selected__,out_of_distribution_test,T1,ok,0.1576797385620915,0.1576797385620915,0.9434884630426281,0.9434884630426281,-1.7208284493293378,30599,1,1
future_aware_global_topk,1.0,61200,5114,5114.0,61200,commodity_polling_1ms,0.08356209150326797,1.0,__all_selected__,out_of_distribution_test,T1,ok,0.08356209150326797,0.08356209150326797,1.0,1.0,-4.338262898286919,61199,1,1
future_aware_global_topk,0.01,61200,5114,508.0,612,commodity_polling_1ms,0.8300653594771242,0.0993351583887368,__all_selected__,out_of_distribution_test,T2,ok,0.8300653594771242,0.8300653594771242,0.0993351583887368,0.0993351583887368,1.5608449218923162,611,1,1
future_aware_global_topk,0.02,61200,5114,962.0,1224,commodity_polling_1ms,0.7859477124183006,0.18811106765741104,__all_selected__,out_of_distribution_test,T2,ok,0.7859477124183006,0.7859477124183006,0.18811106765741104,0.18811106765741104,0.9029370065168408,1223,1,1
future_aware_global_topk,0.05,61200,5114,1991.0,3060,commodity_polling_1ms,0.6506535947712418,0.3893234258897145,__all_selected__,out_of_distribution_test,T2,ok,0.6506535947712418,0.6506535947712418,0.3893234258897145,0.3893234258897145,0.14101241845403076,3059,1,1
future_aware_global_topk,0.1,61200,5114,3062.0,6120,commodity_polling_1ms,0.5003267973856209,0.5987485334376222,__all_selected__,out_of_distribution_test,T2,ok,0.5003267973856209,0.5003267973856209,0.5987485334376222,0.5987485334376222,-0.3368461719952267,6119,1,1
future_aware_global_topk,0.2,61200,5114,4038.0,12240,commodity_polling_1ms,0.3299019607843137,0.7895971842002346,__all_selected__,out_of_distribution_test,T2,ok,0.3299019607843137,0.3299019607843137,0.7895971842002346,0.7895971842002346,-0.9970999412905482,12235,21,5
future_aware_global_topk,0.5,61200,5114,4667.0,30600,commodity_polling_1ms,0.15251633986928104,0.9125928822839264,__all_selected__,out_of_distribution_test,T2,ok,0.15251633986928104,0.15251633986928104,0.9125928822839264,0.9125928822839264,-1.5610302692025606,30597,8,3
future_aware_global_topk,1.0,61200,5114,5114.0,61200,commodity_polling_1ms,0.08356209150326797,1.0,__all_selected__,out_of_distribution_test,T2,ok,0.08356209150326797,0.08356209150326797,1.0,1.0,-3.1246673091359463,61199,1,1
future_aware_global_topk,0.01,61200,5114,509.0,612,commodity_polling_1ms,0.8316993464052288,0.09953070003910833,__all_selected__,out_of_distribution_test,T4,ok,0.8316993464052288,0.8316993464052288,0.09953070003910833,0.09953070003910833,1.5093134538387145,611,1,1
future_aware_global_topk,0.02,61200,5114,966.0,1224,commodity_polling_1ms,0.7892156862745098,0.18889323425889715,__all_selected__,out_of_distribution_test,T4,ok,0.7892156862745098,0.7892156862745098,0.18889323425889715,0.18889323425889715,0.8910291680841994,1223,1,1
future_aware_global_topk,0.05,61200,5114,2040.0,3060,commodity_polling_1ms,0.6666666666666666,0.3989049667579194,__all_selected__,out_of_distribution_test,T4,ok,0.6666666666666666,0.6666666666666666,0.3989049667579194,0.3989049667579194,0.20778797628600043,3059,1,1
future_aware_global_topk,0.1,61200,5114,3115.0,6120,commodity_polling_1ms,0.5089869281045751,0.6091122409073133,__all_selected__,out_of_distribution_test,T4,ok,0.5089869281045751,0.5089869281045751,0.6091122409073133,0.6091122409073133,-0.24477850277145635,6119,1,1
future_aware_global_topk,0.2,61200,5114,4051.0,12240,commodity_polling_1ms,0.3309640522875817,0.7921392256550646,__all_selected__,out_of_distribution_test,T4,ok,0.3309640522875817,0.3309640522875817,0.7921392256550646,0.7921392256550646,-0.9216899288866746,12238,2,2
future_aware_global_topk,0.5,61200,5114,4649.0,30600,commodity_polling_1ms,0.1519281045751634,0.909073132577239,__all_selected__,out_of_distribution_test,T4,ok,0.1519281045751634,0.1519281045751634,0.909073132577239,0.909073132577239,-1.4055082778751056,30599,1,1
future_aware_global_topk,1.0,61200,5114,5114.0,61200,commodity_polling_1ms,0.08356209150326797,1.0,__all_selected__,out_of_distribution_test,T4,ok,0.08356209150326797,0.08356209150326797,1.0,1.0,-3.1470543173223913,61199,1,1
